Title,Salary
Superintendent Job in Houston,87500.0
Technician - Robot & Multi-Axis CNC Field Service Job in Carter Lake,66000.0
Sr. Process Engineer,35000.0
Machine Control Systems Engineer - BSEE Job in Aurora,37500.0
RF System Technician,70000.0
Japanese and English Speaking Interpreter and Translator for Toyota Motor Mgf. Job in Charleston,61500.0
Office Administrator - Job in Denver,32000.0
Upscale Casual Restaurant Managers- Gm - Agm - Chef - Foh- Up to k! Job in Houston,22500.0
Commercial Lines Account Manager Job in Ocean,45000.0
CNC Lathe Machinist - Nights Job in Houston,85000.0
Designer D Job in Bethlehem,40000.0
Treasury Manager Job in Houston,40000.0
Customer Service Rep Job in Denver,32000.0
Controls Engineer - Automation Vision Systems Job in Sacramento,10000.0
Plastics Engineer - Plastic Enclosure/injection molded/electronics Job in Fort Wayne,37500.0
Digital Copywriter Job in Fort Lauderdale,50000.0
SOMMELIERS,60000.0
Technical Sales and Solutions Expert Job in Houston,52500.0
Entry Level Administrative Assistant with Opportunity for Growth Job in Denver,45000.0
SBA Business Development Officer Job in Englewood,85000.0
Superintendent Job in Houston,35000.0
Drywall Estimator Job in Houston,25000.0
Senior Accountant/Analyst Job in Denver,77500.0
Entry Level Customer Consultant (Face to Face) Job in Philadelphia,40000.0
Senior Tax Manager Job in Denver,25000.0
Packaging Engineer Job in Chicago,35000.0
Tilt Wall Superintendent Job in Houston,47500.0
Restaurant Manager Job in Charlotte,41000.0
Director,42500.0
Controller Job in Las Vegas,75000.0
Staff Accountant Job in Las Vegas,55000.0
Maintenance Manager Job in Knoxville,57500.0
Senior Internal Auditor / IT Audit Job in Boston,90000.0
Telecommunications Engineer - circuit /design/routing Job in Broomfield,90000.0
Sheriff's Deputy/Corrections Officer - Male & Female Job in Abilene,30000.0
Bookkeeper/Office Manager Job in Dallas,45000.0
Western Regional Sales Manager Job in Denver,50000.0
Financial Model Validation Job in Dallas,15000.0
Accounts Payable Specialist Job in Dallas,45000.0
Outside Sales – Account Executive - Wireless Telecommunications Job in Camden,42500.0
Home Inspector-CNCO Job in Centennial,50000.0
Front End Developer Job in Plano,77500.0
Director of Women’s and Children’s – RN – Nurse – $K+ Job in Dallas,15000.0
System Administrator Job in Dallas,47500.0
Inside Sales - Account Executive Job in Aurora,60000.0
Corporate Systems PM Job in Dallas,20000.0
Assistant Project Manager Job in Dallas,65000.0
Human Resources Manager Job in Dallas,65000.0
Project Manager Job in Dallas,45000.0
Director of Human Resources Job in Aurora,85000.0
SENIOR TELECOMMUNICATIONS TECHNICIAN Job in Miami,66616.0
Project Manager - Flooring,45000.0
Multifamily Superintendent Job in Denver,10000.0
$K-$K RESTAURANT MANAGER DALLAS! $K-$K KITCHEN MANAGER ARLINGTON! NEW STORES ACROSS DFW! Job in Dallas,60000.0
Sr. SAP Procurement Analyst Job in Dallas,20000.0
AS/ RPG ILE Programmer Analyst Job in Knoxville,73500.0
BANK TECHNICAL ANALYST Job in Bloomington,48500.0
Director - IT Leader of Product Development Job in Bridgewater,35000.0
Software and OS Deployment Specialist (ITS ) Lacey Job in Lacey,64890.0
Senior .Net Developer Job in Knoxville,80000.0
Sr. Vice President of IT Job in Onalaska,55000.0
System Security Analyst Job in Charleston,50000.0
Senior Software Engineer Job in San Antonio,10000.0
Controls Engineer - PLC programming/Allen Bradley/AutoCAD Job in Atlanta,70000.0
Controls Engineer - PLC/HMI/High Speed Manufacturing Job in Augusta,40000.0
Statistician/Bayesian,50000.0
Controls Engineer - PLC/Robotics/Electrical Job in Flint,40000.0
Controls Engineer - PLC/Automation Engineer/VFD Job in Canton,75000.0
Controls Engineer - PLC programming/Allen Bradley/AutoCAD Job in Chesterton,75000.0
Project Manager Job in Chattanooga,35000.0
Lean Manager Job in Buffalo Grove,40000.0
Supplier Quality Engineer - Supplier Quality Engineer/Lean/Continuous Improvement/Supplier Qualit Job in Elkhart,77500.0
Regulatory Affairs Manager - OEM Medical Device Job in Marlborough,20000.0
QA/QC Technician - TS /Quality Job in Saint Clair Shores,38480.0
Quality Engineer Job in Wrentham,72500.0
Safety Manager - safety/compliance/OSHA Job in Greenwood Village,86000.0
Safety Manager - Manufacturing/Health & Safety/VPP Job in Ghent,77500.0
Quality Engineer Job in Chicago,75000.0
Quality Assurance Manager Job in Naperville,55000.0
Quality Assurance Manager Job in Chicago,50000.0
Medical Device - Regulatory Affairs Manager Job in Marlborough,20000.0
Quality Engineer - Quality Engineer /Quality Assurance /Quality Performance Metrics Job in Elkhart,80000.0
Safety Engineer - ISO /APQP/Mechanical Systems Job in Pontiac,50000.0
Sorftware Engineer .NET Job in Louisville,40000.0
Director of Quality Assurance Job in Augusta,30000.0
Performance Testing Engineer Job in Parsippany-Troy Hills,15000.0
Quality Engineer Job in Monroe,77500.0
Quality Environmental Health and Safety Engineer Job in Wichita Falls,57500.0
Quality Assurance Manager Job in Somerset,45000.0
Safety Manager Job in Sikeston,77500.0
QA Tester Job in Glendale,50000.0
Quality Manager Job in Lexington,82500.0
EHS Manager - DOT Expert Job in Temple,80000.0
Three Six Sigma Black Belts AND a MBB – Transactional - See Video Job in Baltimore,15000.0
Safety Manager Job in Annapolis Junction,82500.0
Grocer Merchandise Consultant (Bakery,65000.0
General Manager Job in Gastonia,57500.0
Maintenance Supervisor - Equipment/PM/Corrective Action Job in Ottawa,57500.0
Linux Administrator Job in Atlanta,75000.0
DevOps Engineer Job in Atlanta,10000.0
Real Estate Manager Job in Atlanta,55000.0
Office Administrator Job in Smyrna,45000.0
Lead Security Engineer - Applications Security Job in West Lake Hills,75000.0
Claims Supervisor - Property Damage Job in Atlanta,65000.0
Senior Java Engineer Job in Atlanta,52500.0
Restaurant Manager Job in Atlanta,65000.0
warehouse associate/shipping-receiving/Record center specialist Job in Norcross,20500.0
Senior Project Manager - Commercial Construction Job in Austin,50000.0
Entry Level Sales Manager Job in Austin,48000.0
Outside Sales Representative (Trainee) Job in Atlanta,40000.0
General Merchandise/Replenishment Analyst Job in Smyrna,52500.0
VP of Engineering Job in Atlanta,50000.0
Marketing Manager / Sales Job in Greeneville,55000.0
Corporate Pricing Manager/Business Analytics Job in Sylmar,80000.0
Market Research Manager Job in Crafton,55000.0
Junior Analyst/Assistant Project Manager Job in Crafton,37500.0
Product Marketing Manager Job in City Of Industry,50000.0
IV&V Senior Technical Analyst () Job in Cheyenne,25000.0
Social Media Marketing Specialist Job in West Palm Beach,45000.0
Project Manager Job in Joliet,55000.0
Associate Product Manager - Coatings Job in Deerfield Beach,70000.0
Healthcare Superintendent Job in Houston,50000.0
Applications Support Specialist Peoplesoft Job in Houston,19750.0
Commercial Superintendent Job in Houston,47500.0
Assistant Superintendents Job in Houston,67500.0
NIGHTCLUB MANAGER Job in St. Charles,60000.0
Structural Engineer - Industrial/Chemical /AutoCAD Job in North Attleboro,75000.0
Mechanical Design Engineer Job in Overland Park,65000.0
Electrical Engineer - Machine Instrumentation & Controls Job in Kansas City,35000.0
Environmental Health Safety Engineer - EHS/manufacturing/OSHA Job in Duncan,54000.0
Project Manager - Construction Job in Dayton,42500.0
Payroll Accountant Job - Oakland,75000.0
Senior Accountant Job New York Job in New York,50000.0
Construction Accountant Work life balance Job in New York,62500.0
Senior Accountant Job New York NYC Job in New York,85000.0
Senior Accountant Job in Albuquerque New Mexico Job in Albuquerque,67500.0
Collections Manager Job in Miami,55000.0
Public Accountant Job in Chester NJ Job in Chester,70000.0
HUMAN RESOURCES- JOB FAIR THURSDAY OCTOBER ...MANY NEW COMPANIES @PM Job in Menlo Park,40000.0
Senior Staff Accountant- Nassau County Job in Hauppauge,32500.0
Human Resources Manager Job in Smyrna,82500.0
Recruiter Job in Boston,55000.0
Senior Financial Analyst Job in Melville,52500.0
Staff Accountant Job in Melville,57500.0
Staff Accountant Job in Deerfield,58000.0
Bookkeeper Job (Great Culture) Job in Boca Raton,47500.0
Revenue Accountant Job in Los Angeles,52500.0
Staff Accountant Job New York NYC Job in New York,70000.0
Accounting Manager job with a Pharmaceutical Company Job in Clifton,17500.0
Accounting Assistant Job - Walnut Creek,45000.0
Senior Accountant Job in Schaumburg,70000.0
Controller Job in Saukville,45000.0
Accounting Manager Job in Dallas,90000.0
Human Resources Specialist Job in Mclean/Arlington,25221.0
Finance Manager Job in Northridge,15000.0
Staff Accountant job in Point Loma Job in San Diego,62500.0
Recruiting Specialist Job in Clearwater,54000.0
Accounts Payable Specialist Job in West Palm Beach,30500.0
Staff Accountant Job in Boca Raton,55000.0
Senior Financial Analyst Job in Livingston NJ Job in Livingston,75000.0
Advertising Sales Representative Job in Columbus,20000.0
Sales Representative Job in Wilmington,82500.0
Outside Sales Representative Job in Denver,50000.0
Sales Reps,70000.0
Advertising Sales Representative Job in Des Moines,20000.0
Sales Representative Job in Chicago,82500.0
Manager,55000.0
General Manager Job in Milwaukee,47500.0
Restaurant General Manager Job in Davenport,72500.0
Roofing Sheet Metal Superintendent Job in Houston,67500.0
General Superintendent Job in Houston,52500.0
Waterproofing Superintendent Job in Houston,80000.0
Drywall Superintendent Job in Houston,67500.0
Software Engineer – Web Developer Job in Roseville,87500.0
Certified Massage Therapist Job in Mishawaka,27500.0
Staff Psychiatrist Job in Corpus Christi,19329.5
Technology Service Center Analyst II Job in Coral Gables,35000.0
Chaplain Job in Centreville,47500.0
Software Quality Assurance Manager Job in Knoxville,92500.0
Manager of Information Security Job in Knoxville,10000.0
Substance Abuse Counselor Job in Oklahoma City,32500.0
Development Director Job in West Mclean,65000.0
Service Coordinator/social worker Job in Jacksonville,37000.0
Mortgage Customer Care Rep- GREAT BENEFITS PACKAGE Job in Fort Worth,30000.0
RAI / MDS Coordinator,37000.0
SharePoint Administrator $K-K Brooklyn Hospital..Immediate Job in Brooklyn,47500.0
Database/Applications Administrator Job in Clearwater,66591.5
PSYCHIATRIC MENTAL HEALTH NURSE PRACTITIONER Job in Santa Cruz,33889.5
Controls Engineer - Electrical Engineering/PLCs/Manufacturing Job in Detroit,70000.0
Application Analyst (Java) Job in Cincinnati,80000.0
DevOps Engineer Job in Saint Louis,17500.0
QA Systems Analyst Level  (Milipitas,8493.0
Sr. Systems & Network Admin/Engineer Job in Apopka,77500.0
Sr. MySQL DBA - WILL RELOCATE Job function wrap(EL,25000.0
.Net Developer Job in San Antonio,57500.0
RN Wound Care Specialist Job in Houston,60000.0
Principal Investigator Job in Lexington,70000.0
Ruby on Rails Developer / Learn React Job in Springfield,55000.0
Desktop Support Job in Stamford,52500.0
Bilingual Customer Service - Up to K Job in Duarte,31000.0
SharePoint Administrator Job in Washington,7500.0
Linux Systems Administrator - TS/SCI Clearance Job in Suitland,15000.0
Desktop/Network Support Technician Job in New York City,50000.0
Director of IT - Heading The It Team Job in Bakersfield,15000.0
IT Project Manager Job in Jupiter,42500.0
Speech/Language Pathologist Job in El Paso,70000.0
Controls Engineer - Senior Controls Engineer/Automation Equipment /Manufacturing Job in Homer,47500.0
Behavioral Health Case Manager Job in Santa Clara,92000.0
Bilingual Information Technology Specialist (Japanese-English) Job in Charlotte,85000.0
Labor & Delivery Staff RN – Nurse – New Hampshire – K+ Job in Manchester,80000.0
Lead Psychiatrist Job in Corpus Christi,19329.5
Laboratory Technician Job in Cinnaminson,40000.0
RN for Home Health Job in Houston,62500.0
SQL Developer Job in Cincinnati,45000.0
Manager: Independent Living Skills (ILS) services Job in Minneapolis,33150.0
Licensed Independent Social Worker Supervisor Job in Dayton,68500.0
Project Manager Job in Santa Clara,87500.0
Clinical Resource Manager Job in Walla Walla,84800.0
User Experience Analyst Job in Cleveland,62500.0
Information Security Analyst Job in Cincinnati,60000.0
.NET Software Engineer Job in Newport News,72500.0
Data Center Technician Job in Brown Deer,40000.0
Systems Administrator Job in New Rochelle,43500.0
Physical Therapist Job in Warwick,70000.0
C#.Net Developer Job in Kansas City,80000.0
Netsuite Administrator Job in Alpharetta,40000.0
Behavioral Health Case Manager Job in Santa Clara,92000.0
VP,90000.0
Site Reliability Engineer Job in Oak Brook,63000.0
Physical Therapist,44000.0
Technology Specialist Job in Knoxville,30000.0
Ruby on Rails Software Engineer Job in Knoxville,42500.0
$K-$K PLUS FOR RESTAURANT ASSISTANT GM,64500.0
$K-$K EXECUTIVE CHEF OR SENIOR KITCHEN MANAGER,77000.0
rd shift Production Supervisor Job in Knoxville,45000.0
IT Administrator Job in Knoxville,82500.0
Financial Analyst Job in Lansing,50627.0
Financial Analyst - Transactional Job in Concord,65000.0
Accounts Payable Lead Job in St. Louis,37500.0
Advertising Sales Representative with Salary Job in Normal,20000.0
Advertising Sales Representative with Salary Job in Winchester,20000.0
Sign Shop Production Manager Job in East Chicago,35000.0
Manufacturing Engineer - Assembly/Lean Manufacturing/Automotive Job in Florence,62500.0
Manufacturing Engineer - automotive/line layouts/product launch Job in Duncan,70000.0
ITSM Analyst (ServiceNow) Job in Miami Gardens,80000.0
High End Retail Estimator Job in Manhattan,17500.0
Advertising Sales/Account Executive/Sales & Marketing Representative Job in Jefferson City,20000.0
manufacturing engineer or manufacturing engineer manager autocad inventor Job in Sylmar,40000.0
Billing/Accounting Representative Job in Boston,36000.0
Quality Assurance Specialist - Excellent Compensation Package Job in Hayward,60000.0
Senior Accounts Payable Job in Indianapolis,45000.0
Restaurant Manager Job in Florence,52500.0
Sr. Infrastructure Engineer Job in Cincinnati,92500.0
EH&S Manager - Automotive/Manufacturing/OHSAS  Job in Covington,79000.0
!! Immediate Hire,75000.0
LICENSED AGENTS / GROUP BENEFIT ENROLLERS Job in Columbus,60000.0
Supervisor,46000.0
Director Cardiovascular Services Job in West Palm Beach,42500.0
Advertising Sales Account Executive Job in Springfield,20000.0
Advertising Sales Account Executive Job in Atlanta,20000.0
IT Project Manager Job in Hazel Crest,85000.0
Program Manager - Program Manager/APQP/Mechanical Systems Job in Pontiac,51500.0
Project Manager - Water & Wastewater /Construction/AutoCAD Job in Washington,52500.0
Project Engineer - Process Improvement/AutoCad/Food Manufacturing Job in Cincinnati,85000.0
Project Manager - Automotive/Plastic/Launch Job in Defiance,87500.0
Quality Engineer - Quality Systems/ISO / TS/Automotive Job in Kansas City,90000.0
Program Manager - Launch/Project Manager/Automotive Job in Florence,80000.0
Quality Coordinator / Chemist Job in Saint Louis,45000.0
Project Engineer - Automotive/Plastic/Design Job in Defiance,72500.0
Program Manager - Program Manager/Automotive Job in Farmington,50000.0
Project Manager - Civil/AutoCAD/Land Development Job in Laguna Hills,44495.0
Project Engineer - Engineer/Scientist/Project Job in Fort Lauderdale,55000.0
Program Manager - Launch/Project Manager/Automotive Job in Terre Haute,80000.0
Quality Engineer - PPAP/Automotive/Electronic Components Job in Atkins,68000.0
Quality Engineer - TS/PPAP/FMEA Job in Louisville,70000.0
Overnight Food Quality Assurance Supervisor Job in Schiller Park,41000.0
Senior Project Quality Engineer - NPD Job in Newton,12500.0
Construction Manager - Residental/Project Managment/Superintendent Job in District Heights,67000.0
Quality Engineer - Product Development/Consumer Goods/Design / Manufacturing Job in Marlborough,17500.0
Lead Electrician Job in Columbus,43000.0
Medical Biller ($.hr-$.hr) Job in Columbus,36500.0
Full Time - Manager Trainee - No Weekends Job in Columbus,43500.0
Full Time - Sales Manager - No Weekends Job in Columbus,43500.0
Process Engineer Job in Reynoldsburg,57500.0
Division Sales Manager - Veterinary Medical Supplies Job in Columbus,52500.0
Finance Manager Job in Columbus,82500.0
Full Time - Manager Trainee - No Weekends Job in Columbus,43500.0
Finance Director Job in Columbus,44373.5
Branch Manager (with Paid Company Training!) Job in Dublin,42500.0
Sales Engineer,65000.0
Full Time - Manager Trainee - No Weekends Job in Columbus,43500.0
Accounting Assistant Job in Columbus,31500.0
Route Sales Representative Job in Columbus,50000.0
Cost Accountant Job in Columbus,65000.0
Senior Process Engineer - Injection Molding/Stamping Job in Columbus,37500.0
OUTSIDE SALES/REGIONAL SALES ASSOCIATE Job in Columbus,47500.0
Financial Analyst Job in Columbus,57500.0
Interpreter/Translator (Japanese-English) Job in Columbus,40000.0
SQL Developer Job in Westerville,47500.0
Manager,45000.0
Staff Accountant Job in Columbus,60000.0
Account Executive Job in Columbus,60000.0
BI Technical Lead Job in Columbus,50000.0
Regional Manager Job in Columbus,60000.0
Staff Accountant Job in Columbus,60000.0
Drafting Manager Job in Columbus,55000.0
Senior Front End Developer Job in Columbus,80000.0
Full Time - Manager Trainee - No Weekends Job in Columbus,43500.0
Full Time - Manager Trainee - No Weekends Job in Columbus,43500.0
Site Supervisor Job in Columbus,51000.0
Testing Engineer Job in Reynoldsburg,57500.0
Japanese-English Interpreter /Translator Job in Columbus,52500.0
Location Manager/ Funeral Director Job in Hilliard,62500.0
Terrritory Sales Representative---Pet Food Industry Job in Columbus,50000.0
Sales – Residual Income Job in Columbus,50000.0
Accounts Payable Assistant Job in Columbus,32000.0
Full Time - Manager Trainee - No Weekends Job in Columbus,43500.0
Design Engineer Job in Columbus,51000.0
Outside Sales Rep Job in Columbus,37500.0
Customer Service/Inside Sales Representative Job in Columbus,35000.0
PL Operatons Account Manager Job in Columbus,50000.0
Plant Controller Job in Columbus,40000.0
Security Alarm Installer Job in Columbus,37500.0
Quality Assurance Supervisor Job in Blacklick,52500.0
PR and Social Media Marketing Manager Job in Westerville,60000.0
MS Lync/ SB Solution Architect | REMOTE | $,50500.0
Full Time - Manager Trainee - No Weekends Job in Columbus,43500.0
Java Software Engineer Job in Groveport,20000.0
Sales Professional Job in Columbus,42500.0
Store Manager / Supervisor Job in Columbus,37500.0
Water/Wastewater Department Manager - Columbus,15000.0
Full Time - Manager Trainee - No Weekends Job in Columbus,43500.0
Quality Control Rep - Field Agent Job in Columbus,60000.0
Office Manager Job in Columbus,45000.0
Recruiter Job in Columbus,42500.0
General Manager Job in Columbus,40000.0
IT Auditor Job in Columbus,87500.0
Full Time - Manager Trainee - No Weekends Job in Columbus,43500.0
Accounts Payable Clerk Job in  function wrap(EL,28000.0
Restaurant Manager and Shift Manager Job in Columbus,34000.0
Staffing Coordinator Job in Columbus,30000.0
Workers Comp Legal Assistant Job in Greenville,35000.0
Experienced Family Law Paralegal Needed Job in Monroe,42500.0
Human Resources Generalist Job in New York City,72500.0
Corporate Paralegal Job in Palo Alto,55000.0
Word Processing Manager - nd Shift - Top Law Firm Job in New York City,40000.0
Bilingual Plaintiff's Paralega Job in Dallas,27500.0
Contracts/Litigation Paralegal Job in Boston,72500.0
Commercial Real Estate Legal Secretary Job in Orlando,60000.0
Desktop Publishing Specialist – Graphics Production Job in New York City,67500.0
Civil Litigation Paralegal Job in Charleston,40000.0
Sales Representative- Wilkes Barre,60000.0
Legal Secretary/ Legal Assitant Job in Reston,35000.0
Senior Personal Injury Paralegal Job in Boulder,57500.0
Legal Secretary Job in Orlando,55000.0
Contract Administrator Job in Folsom,42500.0
Business Development Manager Job in New York City,20000.0
Legal Secretary Job in Maitland,45000.0
Paralegal/Legal Assistant Job in Washington,37500.0
Executive Assistant Job in New York City,85000.0
Regulatory Affairs - Medical Device/Regulatory/Quality Job in Irvine,52500.0
Paralegal - Criminal Law Job in Fort Lauderdale,62717.0
Legal Secretary/Assistant - Litigation Job in Saint Charles,35000.0
Strong Paralegals/Legal Assistants - Up to K Job in Orlando,60000.0
Legal Assistant Needed Job in Columbia,32000.0
Paralegal - Real Estate Job in New York City,65000.0
Controller Job in New York City,42500.0
Legal Secretary Job in New York City,65000.0
Corporate Paralegal Job in Saugatuck,40000.0
Director of Billing and Collections Job in New York City,50000.0
Legal Assistant: Court of Appeals Job in Madison,43640.0
Patent Support Assistant Job in Boston,45000.0
Legal Word Processor - Base to $,60000.0
Paralegal Job in St. Petersburg,43500.0
Human Resources Manager Job in Los Angeles,65000.0
Contracts Manager Job in Arlington,80000.0
Legal Assistant Job in Ft. Lauderdale,57500.0
Trusts & Estates Paralegal - Base to $,47500.0
Legal Secretary/Legal Assistant Job in Toledo,29500.0
Real Estate Attorney - Counsel Job in New York,15000.0
Legal Secretary Bi-lingual GREAT BENEFITS!! Job in Newport News,40000.0
Billing Specialist - Legal - Roseland,48500.0
Litigation Paralegal Job in Washington,75000.0
Family Law Paralegal - Excellent Working Environment! Job in Ventura,60000.0
Bilingual Paralegal (Employment Law) Job in Washington,42500.0
Paralegal/Legal Assistant Job in Brandon,34250.0
Legal Technology Concierge Job in Washington,80000.0
Paralegal/Legal Assistant Job in Irvine,37000.0
Legal Secretary Job in Tucson,31000.0
Legal Secretary Job in Washington,70000.0
Corporate Finance Associate Job in Newark,57500.0
Real Estate Paralegal Job in Montclair,65000.0
Commercial Contracts Counsel Job in New York,80000.0
Oil and Gas Title Attorney Job in Austin,25000.0
Regulatory Affairs Specialist needed for Nutritional Supplements Company! Job in Torrance,65000.0
Associate Attorney Job in Detroit,65000.0
Billing Manager Job in New York City,32500.0
Document Processing Specialist Job in Denver,44000.0
Title Closer / Escrow Officer Job in West Palm Beach,45000.0
Corporate Paralegal/Admin Asst. Job in Black Hawk,60000.0
Litigation Associate Opportunity in Downtown Los Angeles! Job in Los Angeles,12500.0
Paralegal/Legal Assistant Job in Alexandria,47500.0
Legal Marketing Analyst Job in New York City,65000.0
Real Estate Paralegal - Up to $,42000.0
Senior Corporate Paralegal/Corporate Secretary Job in New York City,20000.0
Country Compliance Manager Job in Warren,20000.0
Senior Business Immigration Associate Job in Seattle,25000.0
Litigation Paralegal Job in Washington,70000.0
Legal Assistant - Immigration Practice Group Job in Dallas,30000.0
Legal Assistant,51000.0
Paralegal/Legal Assistant Job in Royal Oak,50000.0
Legal Assistant - Perimeter Area Law Firm Job in Sandy Springs,49500.0
Corporate Paralegal up to k! Job in Natick,72500.0
Litigation Paralegal Job in Las Vegas,50000.0
Legal Secretary/Assistant Job in Mount Lebanon,37500.0
Real Estate Paralegal Job in Great Neck,45000.0
Paralegal/Legal Assistant Job in Newark,35000.0
Vice President,45000.0
Personal Injury Case Manager Job in New York City,47500.0
Case Manager Job in Deer Park,45000.0
Business Development Manager Job in New York City,50000.0
Paralegal/Professional Services Manager Job in Fairfax,55000.0
Patent Paralegal / Practice Administrator Job in Gainesville,45000.0
Legal Assistant - Litigation Job in Las Vegas,45000.0
Legal Assistant/Bookkeeper Job in Lakeland,33000.0
Corporate Legal Assistant – Blue Sky Job in New York,42500.0
Investment Management Paralegal Job in New York City,77500.0
Corporate Paralegal Job in New York City,80000.0
Legal Secretary Job in Maitland,45000.0
Senior Accountant Job in Dallas,65000.0
IT Audit Manager Job in Dallas,25000.0
New Car Sales Consultant Job in Dallas,52500.0
Field Service Engineer - Packaging/PLC/Robotics Job in Dallas,72800.0
Senior SEC Reporting Analyst job in Dallas,80000.0
Site Manager Job in Dallas,35000.0
Staff Accountant job in Dallas,55000.0
Pest Control Technician Job in Dallas,35000.0
Senior Real Estate Analyst job in Dallas,80000.0
Director of Nursing,7500.0
Sales Representative Job in Dallas,30000.0
Staff Accountant Job in Dallas,47500.0
Electrical Technician - PLC/Motors/Drives Job in Dallas,56160.0
Controls Engineer - Dallas,42500.0
Senior Fixed Asset Accountant job in Dallas,67500.0
Entry Level Plan Consultant Job in Dallas,37500.0
Installation Specialist I Job in North Palm Beach,47500.0
Maintenance Manager Job in Fort Smith,5000.0
Sales Representative Job in Chicago,82500.0
Maintenance Supervisor Job in Niles,62500.0
Accounting Manager Job - Real Estate Job in Franklin,80000.0
Accounts Receivable job in San Diego - Construction Job in San Diego,52000.0
Construction Project Manager Job in Chicago,10000.0
Landscape Constructions Operations Director Job in Denver,40000.0
Construction Manager Job in El Monte,40000.0
Project Accountant - Construction Job in Quincy,65000.0
Traveling Superintendent- Multifamily Construction Job in Denver,55000.0
Industrial Construction Superintendent Job in Chicago,55000.0
Financial Controller - Construction Job in Andover,55000.0
Construction Business Development Branch Manager Job in Hurst,95000.0
Project Manager - Construction/General Contractor Job in Whittier,15000.0
Instructor - Computer and Electronics Technology Job in Buffalo,40800.0
Superintendent - Construction/Multi-family/Residential Job in Glendale,30000.0
Project Manager - Construction/Electrical/Commercial Job in Vista,25000.0
Traveling Superintendent- Multifamily Construction Job in Orlando,15000.0
Commercial Construction Estimator Job in Miamisburg,70000.0
K- Construction Superintendent Job in Orlando,80000.0
Automotive Technician/Mechanic Job in Fishers,52500.0
Quality Engineer - Automotive/Launch/APQP Job in Lima,55000.0
Title Processor/Closer Job in Oak Ridge,29000.0
Billing Coordinator Job in Boston,75000.0
AVP - Regulatory Controls Consultant Job in Boston,47500.0
Vice President of Marketing Job in Austin,30000.0
Faculty Support Specialist to K - Work in Higher Education! Job in Boston,45000.0
Team lead Healthcare Analyst Job in Boston,50000.0
Accounting Manager - CPA - work / life balance! Job in Cambridge,35000.0
Accountant - General Ledger Job in Boston,55000.0
Front End Web Developer Job in Bloomington,5000.0
Project Engineers - Paper Industry Job in Boston,20000.0
SEO Manager / Strategist Job in Boston,35000.0
Senior Manager Internal Auditor (Up to $k package) Job in Boston,42500.0
Director of Accounting ? Growing Pharmaceutical Company Job in Cambridge,10000.0
Senior Accountant / Business Process Analyst Job in Cambridge,90000.0
CAD Designer - Highway /Roadway /FDOT Job in Miami,75000.0
Manufacturing Project Manager - Gantry Mills Job in Dekalb,47500.0
Project Analyst Job in Boca Raton,45000.0
Project Coordinator Job in Radnor,77500.0
Food Service Manager Job in Kansas City,36000.0
Director of Operations Job in Riverside,17500.0
Physician Recruiter Coordinator Job in Atlanta,55000.0
Market Center Administrator Job in Smyrna,46500.0
Operations Supervisor Job in Stockbridge,52500.0
Account Manager - Account Manager/Technical Recruiter/Full Desk Recruiter Job in Norcross,50000.0
Experienced Maintenance Technician Job in Forest Park,46800.0
Senior Mechanical Engineer - Research/Product Development/Manufacturing Job in Marietta,5000.0
Controls Engineer - PLC programming/Allen Bradley/AutoCAD Job in Atlanta,70000.0
Project Manager with Design Background Job in Smyrna,58500.0
Lab Manager - Textile/Lab Supervisor/Test Job in Atlanta,40000.0
Inventory Supervisor Job in Fairburn,55000.0
Electrical Maintenance Technician Job in Fairburn,52500.0
RECENT ACCOUNTING/FINANCE GRADS: Bookkeeper Job in Marietta,38500.0
Office Administrator Job in Smyrna,45000.0
Claims Supervisor - Property Damage Job in Atlanta,65000.0
Field Service Engineer - PLC/CAD/Electro-mechanical Job in Atlanta,65000.0
Architect / Revit Job in Las Vegas,62500.0
Accounting Manager Job in Las Vegas,85000.0
Associate Warehouse Manager Job in College Park,59800.0
Accounting Supervisor Job in Las Vegas,67500.0
Legal Secretary/Litigation/Paralegal Job in Las Vegas,54000.0
Data Scientist - Immediate and Perm Job in Las Vegas,85000.0
Territory Sales Manager Job in Madison,62500.0
E-Commerce Specialist Job in Las Vegas,40000.0
Medical Office Manager Job in Knoxville,37500.0
Assistant Controller Job in Las Vegas,67500.0
Las Vegas Field Utilization Review Nurse (RN) - Managed Care Job in Las Vegas,75000.0
Supervisor Gaming Audit and Accounting Job in Las Vegas,41500.0
Senior Manufacturing Engineer - Injection Molding /Medical /Extrusion Job in Madison,40000.0
Senior Manager - Financial Reporting Job in Las Vegas,17500.0
BB Sales Representative Job in Las Vegas,41500.0
Executive Administrative Assistant Job in Knoxville,28000.0
Route Driver Job in Las Vegas,55000.0
Junior PHP Developer Job in Las Vegas,60000.0
Sales Representative Job in Las Vegas,50000.0
Assistant General Manager / Beverage Manager Job in Las Vegas,62500.0
Process Engineer Job in North Las Vegas,47000.0
Accountant for Property Management Co. Job in Henderson,57500.0
Sr. Software Engineer Job in Madison,40000.0
International Traveling Sales Representative Job in Las Vegas,40000.0
Restaurant Manager Job in Las Vegas,50000.0
Medical Affairs Director - Infectious Diseases & Immunology Job in Madison,25000.0
Dental Assistant Job in Maryville,25000.0
Project Manager/Estimator Job in North Las Vegas,52500.0
AML Manager Job in Las Vegas,45000.0
Account Executive Job in Madison,65000.0
Intermediate T-SQL Programmer Job in Las Vegas,65000.0
Account Manager - Hiring Bonus! Job in Middleton,51000.0
Technical Support /Live Chat Agent up to $K Job in Las Vegas,30000.0
Mechanical Engineer Job in Madison,65000.0
Supervisor of Gaming & Audit Job in Las Vegas,41500.0
Reliability Engineering Supervisor - Manufacturing Job in Madison,82500.0
Staff Accountant Job in Las Vegas,50000.0
Data Entry Specialist - Business Casual Environment Job in Las Vegas,26000.0
Nursing Coordinator Job in Madison,95000.0
Sales Representative -- Job in Las Vegas,80000.0
Information Process Consultant: Pediatrics Job in Madison,48333.0
Overnight Billing Opportunity - Immediately interviewing Job in Las Vegas,31000.0
Director of Case Management Job in North Las Vegas,52500.0
Online News Producers () Job in Madison,33000.0
Sales Representative Job in Las Vegas,51666.666666666664
Accounting Manager - Manufacturing Job in Las Vegas,85000.0
Office of Industrial Partnerships (OIP) Negotiator Job in Madison,42167.0
Communication Specialist Job in Madison,40000.0
Salesforce Marketing Specialist Job in Las Vegas,50000.0
Director of Sales Job in Las Vegas,50000.0
GIS Technician Job in North Las Vegas,57559.5
Configuration Analyst Job in Madison,42500.0
Meetings & Events Manager Job in Las Vegas,67500.0
Product Manager ($,49760.0
Retail Store Assistant Manager Job in Las Vegas,32500.0
Associate Director - Resident Support Job in Madison,67500.0
Sales Trainee Job in Las Vegas,25000.0
General Dentist Job in Greenville,25000.0
Wellness Coordinator-Mental Health/Public Health Job in Saint Paul,51446.0
Director of Nursing Job in Conimicut,72500.0
Laboratory General Supervisor Job in Pompano Beach,87500.0
Healthcare Regional Director Quality Job in Walla Walla,37500.0
MARKETING PRO,85000.0
Physical Therapist Job in Bel Air,62500.0
Heart Institute Director Job in San Francisco,67500.0
Clinical Social Work Therapist/Director Job in Houston,57500.0
Construction Superintendent- K-/Government Projects Job in Austin,50000.0
Government Contract Specialist Job in Newington,75000.0
Senior Policy Analyst (Federal Government) Job in Washington,47500.0
Utilities Finance Analyst Job in Denver,75129.0
Surgical Services Nurse Manager - RN – Nurse - $k+ Job in Denver,50000.0
Outside Sales Representative Job in Denver,50000.0
Business Development Manager (Facilities Management) Job in San Francisco,25000.0
Furniture Delivery Associate - Customer Service K Salary + Benefits Job in Brisbane,43000.0
Payroll Accountant Job in Boston,47500.0
Formulation Manager - Animal Nutrition Job in Little Rock,80000.0
Paint Supervisor - Powder/Liquid Job in Olathe,55000.0
Civil Estimator Job in Houston,40000.0
Senior Project Manager Job in Houston,55000.0
Electrical Estimator Job in Houston,45000.0
Grants & Capital Budget Analyst Job in Denver,54100.0
Project Manager - Flooring,45000.0
Recruiter Lead Job in Aurora,40000.0
Accounts Payable Specialist Job in Denver,39520.0
Assistant Superintendent Job in Houston,72500.0
Senior Commercial Estimator Job in Houston,40000.0
Commercial Project Manager - Houston Job in Houston,42500.0
Commercial Project Manager - Major Projects Job in Houston,45000.0
Senior Technician,43750.0
Accounting Clerk Job in Denver,42000.0
Purchasing Manager - Scrap/Alloys/Buyer Job in Calvert,12500.0
Licensed Architect with National Reputable Firm Job in Las Vegas,90000.0
Optics Engineer - Medical Device/Manufacturing/Metrology Job in Goleta,78500.0
Auto Damage Claims Adjuster / Automotive / Entry Level Job in New York City,45000.0
Sales Manager - Waterworks & Pipeline Products - South American Market Job in Dallas,65000.0
Staff Accountant job in Dallas,57500.0
Senior Staff Accountant job in Dallas,62500.0
Restaurant Manager Job in Dallas,60000.0
Senior Accountant Job in Dallas,67500.0
Electronic Engineer - Power Driver Conversion/Electronics Manufacturing/Analog / Digital Circuits Job in Atlanta,75000.0
Purchasing Manager - Hospitality Construction Job in Austin,37500.0
!!! Apply Today,70000.0
Construction Project Manager Job in Austin,40000.0
HR Manager (Property Management) Job in Austin,82500.0
Commercial Superintendent Job in Austin,77500.0
Procurement Manager Job in Austin,90000.0
Senior Auditor Job in Las Vegas,80000.0
Production Manager Job in Kinston,87500.0
Semiconductor Maintenance Supervisor,85000.0
STEWARD SUPERVISOR Job in St. Louis,38000.0
Field Service Technician Job in Fort Lauderdale,45000.0
Offshore Riggers - WANTED Job in Broussard,50000.0
Manager Job in Summit,40000.0
Cable Technician Job in Winchester,32500.0
Automotive Technician/Mechanic Job in Downers Grove,50000.0
Slot Tech. Manager Job in Vicksburg,60000.0
Satellite Installation Technician Job in Austin,34000.0
Maintenance Machinist Job in Oakland,90078.0
Diesel Mechanic Job in East Orange,42500.0
Plant Manager-Food Processing Job in Sioux City,17500.0
Director of Materials Job in Tallahassee,90000.0
Cable TV Technician Job in Altoona,37500.0
Field Installation Specialist Job in Peoria,15000.0
Diesel Mechanic Job in Ringwood,45000.0
Appliance Technician Job in Akron,32500.0
Fleet Manager Job in Jackson,52500.0
Janitorial Services Field Supervisor Job in Dayton,47500.0
Cut Up Superintendent Job in Lillington,70000.0
Maintenance Assistant Job in Hackensack,31000.0
Building Maintenance Technician Job in Alexandria,66500.0
Operations Manager # Job in Dayton,64000.0
Chemist Organic (ink) Job in Mishawaka,40000.0
$K Compounding Supervisor Opportunity Job in Edison,65000.0
Pest Control Technician Job in Pigeon Forge,31500.0
Purchasing Assistant Job in Trenton,50000.0
Plumber,48500.0
Industrial Engineer - Assembly / Fixture/Automotive/AutoCAD Job in Chattanooga,72500.0
Press Machine Service Technician: IL/EN/ Job in Arlington Heights,70000.0
Picker/Packer Job in Kent,35000.0
autocad designer / sheet metal MFG engineer Job in Columbia,63500.0
Machine Builder-WELDER Job in Franklin Lakes,57000.0
Machining Supervisor Job in Overland Park,82500.0
Automotive Technician/Mechanic Job in Lutz,40000.0
Maintenance Supervisor Job in Albemarle,55000.0
Service Technician Job in Fishers,50000.0
FACILITIES MANAGER Job in West Berlin,50000.0
Landscape Architect Job in Lemont,35000.0
Field Service Technician Job in Burlington,54000.0
Commercial HVAC Service Technician Job in Lake Bluff,80000.0
Field Service Technician /Process Equipment / Electrical / Mechanical Job in Wayne,57500.0
Field Tech Job in Overland Park,62500.0
Sales Representative - $,10000.0
Helpdesk Support Analyst (POS & Retail) Job in New York City,67500.0
Maintenance Machinist Job in Mahwah,57000.0
CNC Machinist Job in Hampton,60000.0
Landscaper Job in Fairfax,50000.0
Demand Planner Job in Neptune City,70000.0
Tooling/Molding Project Manager-South Carolina Job in Greenville,70000.0
Production Scheduler Job in El Dorado,65000.0
Diesel Mechanic Job in New Town,42500.0
Maintenance Technician Job in Davenport,55000.0
Maintenance Supervisor Job in Conroe,52500.0
Electrician Job in Denton,47800.0
Machining and Maintenance Worker III Job in Oakland,77664.0
Refrigeration Technician - Multiple Shifts Job in Oklahoma City,58500.0
Fire and Security Equipment Installation Technician Job in Morris Plains,55000.0
Production Sourcing Coordinator Job in North Andover,40000.0
mazak programmer/ Manufacturing engineer Job in Charlotte,70000.0
Janitor/Maintenance Tech Job in Beverly,50000.0
Maintenance Technician - Manufacturing/Hydraulic/Pneumatic / Mechanical Job in Lakeland,48730.0
Analytical Bench Chemist Job in Newburyport,55000.0
Operations Manager Job in Goshen,50000.0
Metrologist / Quality Technician Job in Minneapolis,56000.0
Shopping Cart Repair Foreman Job in Worcester,54000.0
Welding Manager Job in Mentor,65000.0
Service Technician Job in Elk Grove Village,36000.0
Operations/Plant Maintenance Management Trainee Job in Youngstown,50000.0
Car Wash Manager Job in North Palm Beach,45000.0
Field Service Technician Job in Anaheim,62500.0
Assistant Manager of Horticulture and Landscape Operations Job in Plantersville,36000.0
Production Manager Job in Halfmoon,60000.0
Manufacturing Repairs and Service Manager Job in New Kensington,72500.0
Tooling Engineer Job in Louisville,77500.0
Laundry Manager Job in San Diego,78000.0
Product Marketing Specialist - up to $K Job in Carlsbad,38000.0
Supply Chain Planner Job in Warren,77500.0
Production Supervisor Job in Grifton,57500.0
WarehouseOperations/Maintenance Manager Job in Wake Forest,47500.0
Supervisor,80000.0
Director of Sales and Marketing Job in Chicago,25000.0
Marketing Coordinator - Great Pay up to K Job in Orlando,40000.0
Life Science Process Validation Manager Job in Saint Louis,25000.0
Bilingual Plant Manager Job in Tempe,67500.0
Chief Experience,25000.0
Marketing Integration Analyst - Up to $K! Job in Santa Barbara,12000.0
Marketing Assistant Job in Philadelphia,27500.0
Machinist +yrs Manual Job in Bridgewater,39000.0
Manufacturing Engineer - Manufacturing/Engineer Job in Olney,66500.0
Applications Engineer,67500.0
Senior Level Paint Engineer Job in Noblesville,72500.0
Tool and Die Maker / Tool & Die Job in Grenada,57500.0
Production Supervisor - Area Supersvisor/Manufacturing/Assembly Job in Louisville,55500.0
Par Fry Supervisor Job in Yazoo,47500.0
Production Supervisor (Plastics) Job in Dayton,57500.0
Customer Service and Production Scheduling Rep Job in Sun Prairie,45000.0
Life Science Production Supervisor GMP Job in Saint Louis,42500.0
Production Control Manager Job in Shenandoah,85000.0
ASSISTANT OPERATIONS MANAGER Job in Opa Locka,37500.0
Product Marketing Manager Job in City Of Industry,50000.0
Production Manager Job in Jupiter,72500.0
Production Planner - Tier  Automotive Supplier Job in Lexington,63000.0
Production Manager Job in Minneapolis,77000.0
Production Supervisor Job in White Bear Township,65000.0
Production Manager - Injection Molding Job in Cincinnati,60000.0
Supply Chain Director Job in Edison,20000.0
Senior Manufacturing Engineer Job in Dayton,45000.0
Factory Skilled Labor Position Job in Louisville,38500.0
Poultry Supervisor Job in Aberdeen,35000.0
Epic Instructional Designer/Trainer Job in Atlanta,30000.0
Machine Tool Field Service Technician Job in Madison,62500.0
Senior Quality Engineer - Medical Device Job in Wilmington,57500.0
Instrumentation and Controls Engineer (I&C) - Production Machinery Job in Saint Louis,35000.0
Territory Sales Manager - MIDWEST - REMOTE Job in Milwaukee,55000.0
Workforce Optimization Analyst Job in Madison,33500.0
Quality Engineer - Quality Systems/ISO / TS/Automotive Job in Kansas City,90000.0
Overnight Food Quality Assurance Supervisor Job in Schiller Park,41000.0
Project Engineer - Process Improvement/AutoCad/Food Manufacturing Job in Cincinnati,85000.0
Quality Assurance Engineer Job in Washington,40000.0
Project Manager - Water & Wastewater /Construction/AutoCAD Job in Washington,52500.0
Construction Manager - Residental/Project Managment/Superintendent Job in District Heights,67000.0
Quality Engineer - PPAP/Automotive/Electronic Components Job in Atkins,68000.0
IT Project Manager Job in Hazel Crest,85000.0
Project Manager - Civil/AutoCAD/Land Development Job in Laguna Hills,44495.0
Automation QA Engineer Job in Dallas,47500.0
Senior Project Quality Engineer - NPD Job in Newton,12500.0
Program Manager - Program Manager/APQP/Mechanical Systems Job in Pontiac,51500.0
Program Manager - Program Manager/Automotive Job in Farmington,50000.0
Quality Engineer - TS/PPAP/FMEA Job in Louisville,70000.0
Development Manager Job in Chicago,10000.0
Senior Quality Engineering Manager - Consumer Goods Job in Burlington,22500.0
Supplier Quality Engineer - APQP/Automotive/PPAP Job in Fort Wayne,76000.0
Project Engineer - Engineer/Scientist/Project Job in Fort Lauderdale,55000.0
Corporate Quality Manager Job in Sylacauga,87500.0
Quality Systems Development Engineer Job in Lansing,25000.0
Sr. Quality Engineering Manager - Consumer Goods Job in Burlington,22500.0
Program Manager - Launch/Project Manager/Automotive Job in Florence,80000.0
Project Manager Job in Auburn,72500.0
Program Manager - Launch/Project Manager/Automotive Job in Terre Haute,80000.0
Construction Supervisor - foreman/Sprinkler/Alarm Job in Concord,62400.0
Quality Engineer Job in Charleroi,85000.0
Sr Quality Engineer Job in Southborough,54500.0
Senior UI Developer - Ember.js,40000.0
CUSTOMER SERVICES REPRESENTATIVE Job in Austin,36500.0
$ K Assistant Controller Job in Salt Lake City,45000.0
Network Modeling Analyst Job in Skokie,85000.0
Traffic Engineer Job in Austin,62500.0
Senior Staff Accountant job in San Diego,57000.0
Staff Accountant Job in San Diego,55000.0
Accounting Manager Job in San Diego,70000.0
Staff Accountant job in Point Loma Job in San Diego,55000.0
Design Engineer - Technology/Development/Telecomm Job in San Diego,18040.0
Advertising Sales Account Executive Job in Peoria,20000.0
Neurologist Job in Fort Bragg,50000.0
Advertising Sales Account Executive Job in Bloomington,20000.0
Account Manager- Advertising & Marketing Representative (Entry Level with Salary) Job in Parkersburg,20000.0
Account Manager- Advertising & Marketing Representative (Entry Level with Salary) Job in Hagerstown,20000.0
Biofuel Manufacturing Research Engineer Job in San Diego,25000.0
Advertising Sales Account Executive Job in Lancaster,20000.0
Advertising Sales Account Executive Job in Jackson,20000.0
Account Manager- Advertising & Marketing Representative (Entry Level with Salary) Job in Macon,20000.0
Account Manager- Advertising & Marketing Representative (Entry Level with Salary) Job in Fort Wayne,20000.0
Account Manager- Advertising & Marketing Representative (Entry Level with Salary) Job in Peoria,20000.0
Account Manager- Advertising & Marketing Representative (Entry Level with Salary) Job in Lancaster,20000.0
Advertising Sales Account Executive Job in Macon,20000.0
Account Manager- Advertising & Marketing Representative (Entry Level with Salary) Job in Jackson,20000.0
Advertising Sales Account Executive Job in Hagerstown,20000.0
Account Manager- Advertising & Marketing Representative (Entry Level with Salary) Job in Bloomington,20000.0
Advertising Sales Account Executive Job in Saint Louis,20000.0
Account Manager- Advertising & Marketing Representative (Entry Level with Salary) Job in Saint Louis,20000.0
Sales Reps,70000.0
Sales Representative / Project Manager - Office # Job in San Antonio,20000.0
District Manager-Texas Job in San Antonio,40000.0
Operating Room Nurse Manager - RN – Nurse - $k+ Job in San Antonio,87500.0
Senior Accountant Job in San Diego,70000.0
Senior/Staff Accountant Jobs in San Diego,65000.0
Advertising Sales/Account Executive/Sales & Marketing Representative Job in Louisville,20000.0
Customer Service / Entry Level Dispatch Job in Indianapolis,28655.0
Provider Engagement Rep- Beaumont Area Job in Beaumont,57782.0
Kitchen Manager Job in Columbus,48500.0
AR Accounting Analyst Job in Dallas,45000.0
Customer Service Representative Job in Charlotte,21500.0
Accounting Manager ? PE backed startup Job in Boston,42500.0
Senior Technical Accountant Job in Chelmsford,82500.0
Senior Internal Auditor Job in Woonsocket,75000.0
Investment Operations Analyst Job in Boston,57500.0
Staff Accountant Job in Fort Lauderdale,60000.0
Sales Representative (Advertising & Marketing) Job in Knoxville,20000.0
Sales Representative (Advertising & Marketing) Job in Champaign,20000.0
Supplier Quality Engineer Job in Methuen,80000.0
Construction Superintendent - Multifamily Job in Denver,55000.0
Construction Superintendent - Multifamily Job in Baton Rouge,55000.0
Civil Engineer - Road Design /Construction Project Management/Railway Facility Job in Downers Grove,32500.0
Accounting and Human Resources Manager - Construction Job in Quincy,15000.0
Facilities Coordinator Job in San Francisco,50000.0
Audit Letter Analyst Job in San Francisco,55000.0
Payroll Supervisor Job in Oconomowoc,67500.0
Security Analyst Job in Houston,45000.0
Accounts Payable/Payroll Specialist Job in San Francisco,60000.0
Project Manager - Agile Job in Indianapolis,42500.0
SVP Mobile Advertising Sales Job in San Francisco,25000.0
Manager,30000.0
Business Development Manager (Facilities Management) Job in San Francisco,25000.0
Director of Finance and Operations/Business Manager Job in Reading,9000.0
Scientist & Statistician - Diagnostic Imaging Agent Manufacturing Job in Lawrence,30000.0
SAS/Statistician/remote,50000.0
Epidemiologist - Health Analysis Job in Portsmouth,72500.0
SAS/Statistician,50000.0
Scientist - Tech Services Job in Plymouth,70000.0
Controls Engineer - Controls Engineer/HMI/PLC Job in San Francisco,35000.0
SAS/Statistician/remote,50000.0
Human Resources Benefits Manager and Emplyee Relations Job in Eden Prairie,79500.0
Sales Consultant Job in Pflugerville,22500.0
Payroll Manager - Healthcare Job in Nashville,70000.0
Business Systems Analyst Job in Philadelphia,55000.0
Staffing Associate - Earn $K in this exciting career! Job in San Marcos,55000.0
Legal Secretary Job in New York City,65000.0
Director of Corporate Development & Training - Biotech / Pharmaceutical Job in Bridgewater,10000.0
IS/IT Support Technician Job in Mount Vernon,60576.0
Recruiting Account Manager Job in Arlington,40000.0
System Administrator Job in Folsom,57500.0
EDI Specialist Job in Cleveland,35000.0
Contract Manager Job in Jamison  body { margin:px; overflow: visible !important; } #ejb_header { color: #; font-family: Verdana,45000.0
Traveling Administrative Assistant Job in Reading,27500.0
Employee Engagement Specialist Job in Boston,45000.0
Paralegal - Job in Columbia,35000.0
Senior Systems Engineer Job in Salt Lake City,80000.0
Patent Secretary Job in Boston,76500.0
Floater Legal Secretary - Major U.S. Law Firm NYC Job in Manhattan,47500.0
Patent Quality Control Coordinator Job in Boston,80000.0
Road Warrior - Field Service Injection Molding Job in Knoxville,45000.0
Administrative Assistant to $K-Prestigious firm! Job in Boston,45000.0
Front End UI Developer Job in Chicago,50000.0
AngularJS Developer - Direct Hire Job in Chicago,65000.0
Estimator Job in Chicago,52500.0
Sales Representative Job in Chicago,82500.0
Estimator Job in Chicago,15000.0
Industrial Construction Superintendent Job in Chicago,55000.0
Executive Support Desk Technician Job in Chicago,76000.0
Project Manager Job in Chicago,55000.0
Senior Project Manager Job in Chicago,15000.0
Sales Representative Job in Chicago,82500.0
Superintendent Job in Chicago,50000.0
Project Manager - Interiors Job in Chicago,55000.0
Assistant Project Manager Job in Chicago,70000.0
Project Accountant Job in Burr Ridge,50000.0
!!! Immediate Hire,65000.0
Sales Manager Trainee Job in Cincinnati,70000.0
C#.NET Developer Job in Cincinnati,90000.0
Sales Representative- Cincinnati,60000.0
Sales Manager – Industrial Sales Job in Cincinnati,70000.0
Industrial – Manufacturing Engineers Job in Cincinnati,60000.0
Implementation Project Manager Job in Cincinnati,52500.0
Full Cycle Accounts Payable Specialist Job in North Cincinnati,33500.0
Buyer - TS /Automotive/Purchasing Job in Cincinnati,57500.0
Business Intelligence Analyst Job in Cincinnati,85000.0
Controller Job in Cincinnati,62500.0
.NET Developer Job in Cincinnati,77500.0
Sales Manager Trainee Job in Cincinnati,75000.0
TOOL MAKER / Tool and Die Maker Job in Cincinnati,57500.0
Sales Manager Trainee Job in Cincinnati,70000.0
Global Strategic Marketing Manager - Chemicals Job in Cincinnati,20000.0
Advertising Sales Representative with Salary Job in Indianapolis,20000.0
Senior Digital Product Manager Job in Dallas,47500.0
PULP & PAPER MILL JOBS Job in Charlotte,42500.0
Project Engineer - Manufacturing/Capital Projects/LEAN Job in Columbia,75000.0
EXBS Advisor for Kenya Job in Washington,95042.5
Program Manager Non Profit Job in Terre Haute,28250.0
Project Engineer Job in Corona,41000.0
APQP Quality Engineering Manager Job in Marlborough,55000.0
Quality Manager Job in Menomonee Falls,15000.0
Project Manager Job in Cleveland,72500.0
Program Manager - Tier  Automotive/Product Launch/APQP Job in Hillsdale,37500.0
Quality Manager - TS /Automotive/Tier  Job in Fort Wayne,88000.0
Quality Engineer Job in Council Bluffs,75000.0
Project Engineer Job in Albion,56000.0
Project Coordinator Job in Athens,50000.0
Environmental and Safety Supervisor (manufacturing) Job in Portland,70000.0
Project Manager - Installation Job in Philadelphia,60000.0
Quality Assurance Specialist Job in Huntington Beach,40000.0
Quality Engineer Job in Lansdale,82500.0
Project Manager Job in Springville,65000.0
Quality Control Manager Job in San Diego,77500.0
Project Manager Job in Richardson,10000.0
Energy Efficiency Program Manager Job in Worcester,45000.0
Director of Field Services Job in Charleston,37500.0
Quality / QC Manager - Chemicals Job in Columbus,87500.0
Quality Manager Job in Warren,35000.0
GENERAL MANAGER- WATER DISTRICT Job in Redding,80000.0
Superintendent Job in Justin,67500.0
Quality Engineer / Manager Job in Grand Rapids,57500.0
QA Product Release Associate Job function wrap(EL,37500.0
Project Engineer - Industrial Manufacturing /Process Equipment/Electrical / Controls Job in Ardmore,72000.0
Director of Development Job in Woodbridge,85000.0
Systems Admin/Programmer II Job in Gainesville,60000.0
IT Project Manager: Cyber Security Job in Detroit,30000.0
Project Manager Job in Los Angeles,15000.0
Quality Assurance Technician Job in Fort Dodge,36000.0
Supply Quality Engineer / SQE Job in Shawnee Mission,65000.0
Quality Engineer - Entry Level Job in Fort Wayne,45000.0
QA Test Manager Job in Somerville,50000.0
Project Manager,50000.0
Quality Assurance Manager Job in Philadelphia,52500.0
Quality Manager Job in Birmingham,10000.0
Field Operations Assistant Job in Hopkins,42500.0
Team Leader Job in Clearwater,40000.0
Program Manager Job in Rockfield,40000.0
Aerospace Quality Engineer/Manager Job in Marlborough,82500.0
Manager,62500.0
Sr. Quality Assurance Specalist (Medical Devices) Job in Tucson,75000.0
City Clerk Job in Ventura,66981.0
Senior Registered Architect Job in Clearwater,40459.0
Executive Director Job in Helena,55000.0
Safety Manager - Health/Safety/food service Job in Greenville,7500.0
PROJECT MANAGER IT Job in Arizona State University,66750.0
Lean Manufacturing Engineer Job in New Castle,55000.0
Process Safety Management Engineer,45000.0
Executive Director Job in Helena,55000.0
Quality Manager Job in Spencer,75000.0
Program Manager - Plastic/Project Manager/Automotive Job in Farmington,47500.0
Project Coordinator III Job in Fort Mill,70000.0
Insurance Claims Adjuster and Auto Appraiser Job in Thief River Falls,52500.0
Lab Technician Job in Kearny,32500.0
Program Manager - Program Manager/Automotive /Program Launches Job in Toledo,85000.0
Senior Quality Engineer Job in Jackson,81000.0
HVAC Project Manager-Anaheim,90000.0
Tilt Wall Project Manager Job in Miami,12500.0
Regulatory Affairs/Quality Leader Job in Milford,50000.0
NPD Quality Engineering Manager Job in Marlborough,55000.0
Quality Assurance Manager Job in Billingsport,36666.666666666664
Safety Manager Job in Macedonia,62500.0
Sr. Quality Engineer Job in Taunton,77500.0
Automated Test Development Engineer Job in Cambridge,30000.0
Quality Assurance Manager Job in Chicago,50000.0
Project Manager Job in Louisville,80000.0
Quality Manager Job in Tuscaloosa,52500.0
Sanitation Manager Job in Pompano Beach,50000.0
Quality Engineer Job in Cleveland,70000.0
Policy Administrator Job in Tallahassee,65000.0
Project Manager Job in Mira Loma,65000.0
Quality Assurance Engineer Job in Murray,65000.0
Lead Quality Engineer - Aerospace Job in Marlborough,82500.0
Lead Quality Engineer - Medical Device Job in Methuen,40000.0
Safety Director Job in Fort Myers,52500.0
Quality Control Manager Job in Savannah,90000.0
Estimating Manager Job in Harahan,50000.0
Quality Assurance Engineer Job in Travelers Rest,41900.0
Quality Inspector / CMM Programmer Job in Little Falls,57500.0
Quality Assurance Supervisor Job in Dayton,47500.0
Quality Assurance Manager Job in Saint Joseph,77500.0
Operations Manager Job in Anniston,85000.0
Project Controls Job in Henderson,37500.0
Technical PM/Coordinator (Client Services) Job in Naperville,90000.0
Sr. New Product Quality Engineer - Consumer Goods Job in Framingham,42500.0
Quality Engineer Job in Kansas City,65000.0
Project Manger Job in Dallas,10000.0
Data Analyst Job in Charlottesville,42500.0
Executive Director Job in Helena,55000.0
Fellowship Director Job in Madison,36790.0
Quality Engineer - Quality/Engineer Job in Centralia,65000.0
Director of Content Management Job in Boston,30000.0
EH&S Manager Job in Bethlehem,77500.0
VP IT Software Development Job in Mount Laurel,45000.0
Construction Project Manager Job in Paramount,75000.0
Quality Assurance Supervisor with Food Processing Job in Robersonville,67500.0
PROJECT MANAGER - SCHEDULING Job in Irvine,50000.0
Quality Assurance Supervisor Job in Blacklick,52500.0
Environmental,45000.0
Health,80000.0
Quality Engineer - Medical Plastics Job in Iowa City,74000.0
Quality Technician Job in Plainfield,52500.0
Quality Testing Analyst Job in Lansing,45611.0
Epidemiologist - EDC Job in Portsmouth,57500.0
Formulation Chemist (Solid Dose Formulation) Job in Rockville,66500.0
Supplier Quality Engineer - automotive/castings / forgings/APQP Job in Duncan,82500.0
Quality Technician Job in Plainfield,65000.0
Quality Assurance Manager Job in Saint George,67500.0
Safety Engineer - Environmental/Health and Safety/Manufacturing Job in Columbus,77500.0
Quality Engineer Job in New Berlin,75000.0
Safety Inspector Job in Dover Annex,30000.0
Bus Safety Compliance Specialist Job in Newark,40673.0
TS  Quality Systems Manager Job in Wilson,10000.0
Quality Manager Job in Los Angeles,75000.0
Finishing Manager Job in Chattanooga,17500.0
Mgr Quality Job in Carrollton,9000.0
Quality Engineer Job in Holland,62500.0
Business Analyst Job in Doylestown,50000.0
Software QA Engineer Job in Waltham,42500.0
Quality Engineer - Entry Level Job function wrap(EL,45000.0
QA Test Lead Job in Edison,85000.0
Quality Manager - Automotive - GA/JBU/ Job in Atlanta,70000.0
Global Medical Affairs Director - Solid Tumor Therapeutics Job in Northbrook,17500.0
Quality Assurance Manager - Manufacturing/Quality Control/Audit Job in Scranton,65000.0
Quality Assurance Analyst Job in Jacksonville,73000.0
Quality Engineer – tier- Automotive Parts Manufacturer (TN/RD#//) Job in Nashville,60000.0
Environmental Field Technician Job in Bethlehem,41000.0
QC Manager - Oil and Gas Job in Houston,5000.0
Biosample Therapeutic Area Leader Job function wrap(EL,60000.0
Controls Engineer - Allen Bradley/Machine Builder/PLCs Job in East Lansing,77500.0
Senior Scientist - IVD / Immunoassay Job in Rochester,42500.0
Quality Assurance Laboratory Technician Job in Toppenish,41500.0
Supplier Quality Engineer Job in Chillicothe,71000.0
Environmental Health and Safety Specialist Job in Bowling Green,65000.0
Quality Inspector Job in Norristown,29500.0
Senior QA Automation Job in Salt Lake City,50000.0
Quality Assurance Manager Job in Waltham,70000.0
Regulatory Affairs Coordinator -$,52000.0
Quality Assurance Associate,42500.0
Quality Manager - Automotive/Interior trim/Supplier quality Job in Augusta,88500.0
Method Development Scientist Job in Cleveland,75000.0
Quality Engineer Job in Charleston,69000.0
QA Specialist II - Job in Blythewood,68000.0
Sr Project Manager Job function wrap(EL,75000.0
Laboratory - Analytical Services Manager Job in Boulder,70000.0
Java Developer cum tester Job in Fremont,50000.0
Supplier Quality Engineer TN/ MH/ Job in Murfreesboro,75000.0
Health & Safety Adviser Job in Duncanville,50000.0
Quality Supervisor Job in Macon,87500.0
QA Manager - NADCAP Job in Hauppauge,85000.0
SENIOR FINANCIAL ANALYST - FORTUNE ! Job in Indianapolis,85000.0
Financial Analyst - Operations Job in Danville,70000.0
Sr. Electrical Engineer Job in Shawnee Mission,63800.0
Director of Finance Job in Boston,52500.0
Staff Accountant / Senior Accountant Job in Bedford,60000.0
Senior Accountant Job in West Mclean,70000.0
Supplier Quality Engineer - Manufacturing Job in Marlborough,87500.0
Accounts Payable Manager Job in Los Angeles,65000.0
Accountant Job in Saddle Brook,60000.0
Office Manager Job in Atlanta,52500.0
Purchasing Coordinator Job in Somerset,32500.0
Commercial Litigation Paralegal Job in Atlanta,60000.0
Maintenance Technician - Mechanical Equipment/Manufacturing/Boiler and Air Compressor Job in Atlanta,38480.0
Sales Representative Job in Atlanta,82500.0
Sr. Cost Accountant Job in Atlanta,2500.0
Production Supervisor - Manufacturing/Production/Packaging Job in Atlanta,54000.0
Sales Representative Job in Atlanta,82500.0
Manager of ADR Services Job in Atlanta,50500.0
Sales - Computer and Technology Solutions Job in Atlanta,40000.0
Commercial Real Estate Legal Assistant Job in Vinings,56000.0
Process Control Engineer - Atlanta,12500.0
Financial Analyst/Accountant Job in Fort Worth,52500.0
Senior Internal Auditor - work/life balance Job in Boston,50000.0
Staff Accountant Job in Wellesley Hills,47500.0
Bookkeeper - Construction Job in Somerville,75000.0
Senior Accountant Job in Boston,70000.0
Customer Care Representative Job in Charlotte,21500.0
Fraud Product Manager Job in San Francisco,21000.0
Staff Accountant - up to $k Job in Boston,55000.0
Grading Supervisor (Poultry) Job in Pocomoke City,47500.0
Breast Injection Supervisor (Poultry) Job in Cambridge,47500.0
Technical Accounting Lead Job in Houston,50000.0
Senior Accountant - Biopharma (Boston Headquarters) Job in Boston,90000.0
Data Analyst Job in Fort Wayne,42000.0
Maintenance Technician - Journeyman/PLC/Manufacturing Job in Blue Ash,59510.0
QUALITY MANAGER Job in Chattanooga,90000.0
Laboratory Analyst Job in Sunnyvale,40000.0
Construction Superintendent Job in Bonita Springs,42500.0
Radiological Operations Supervisor -  Job in Richland,15569.0
Heavy Civil Construction Project Manager Job in Houston,70000.0
Beverage Manager Job in Tampa,45000.0
Private Executive Chef (Chicago) Job in Chicago,52500.0
Assistant Restaurant Manager Job in Springfield,38000.0
Restaurant Manager $,40000.0
Head Chef Job in Port Aransas,46500.0
Panera Bread Cafe Managers Job in Middleboro,54000.0
Executive Chef - Working Job in Aurora,42500.0
Restaurant General Manager - Upscale Casual Job in Charlotte,32500.0
DistrictManager of Pizza Restaurant Job in Denver,82500.0
Restaurant Manager Job in San Antonio,47500.0
FAST CASUAL RESTAURANT CHAIN MOVING INTO THE HOUSTON MARKET – EXCELLENT GROUND FLOOR OPPORTUNITIES Job in Houston,35000.0
GENERAL MANAGER/FAST CASUAL Job in Boston,65000.0
Sports Bar Restaurant Managers (Upscale) Dm - Gm - Bar  Day Work Week! Job in King Of Prussia,18000.0
Restaurant Manager Job in Sarasota,38666.666666666664
Assistant Manager Job in Cleveland,38500.0
Food Production Supervisor k Job in Saint Louis,37500.0
Restaurant Manager Job in Houston,52500.0
Restaurant General Manager Job in Roseville,67500.0
Restaurant Manager Job in Wynnewood,50000.0
Assistant Restaurant Manager Job in Springfield,38000.0
Chef de Cuisine Job in Hilton Head Island,62500.0
Restaurant Manager Job in Newport News,55000.0
Restaurant General Manager Job in Los Angeles,52500.0
Upscale Sports Bar Restaurant Manager -Dm - Gm - Km- Bar -Up to k! Job in Pittsburgh,20000.0
Restaurant Manager Job in Pompano Beach,53500.0
Upscale Sports Bar Restaurant Manager -Dm - Gm - Km- Bar -Up to k! Job in Erie,62500.0
Restaurant Manager Job in Arkansas City,40000.0
Restaurant General Manager - Upscale Casual Job in Charlotte,32500.0
Sous Chefs - Culinary Growth Galore! Job in Bridgewater,70000.0
Kitchen Manager Job in York,41500.0
Restaurant Assistant Manager: Freddy’s Frozen Custard & Steakburgers BRANSON,37500.0
Restaurant Manager Job in Hyannis,52500.0
Restaurant Manager Job in Sarasota,47500.0
Bar Manager Job in Washington,60000.0
Restaurant Manager Job in Memphis,35500.0
Upscale Restaurant Manager Job in Los Angeles,22500.0
Assistant Vice President Accounting Job in Warwick,45000.0
Director of Accounting and Auditing / CPA SR MGR Job in Newton Lower Falls,20000.0
Project Engineer - Project Manager/Meat/Capital Projects Job in Shreveport,57500.0
Supplier Quality Engineer/ Assistant Quality Manager Job in Centerville,50000.0
Sr. Regulatory Affairs Specialist - Medical Device Job in Largo,90000.0
Heavy Civil Project Manager Job in Piney Point,50000.0
Program Manager - Manufacturing Excellence /Manufacturing Job in Beaumont,50000.0
Purchasing Agent- Residential Construction Job in Frederick,60000.0
Program Manager Job in Columbus,42500.0
Software TechOps Administrator Job in Baltimore,67500.0
Plant Manager - Quality/Mentoring/Customer Focus Job in Ottawa,52500.0
Operations Manager - Shift Manager/Heavy Industry/Detroit Job in Detroit,72500.0
Field Service Technician Job in Charlotte,80000.0
Maintenance / Preventive Maintenance Supervisor Job in Rome,67000.0
Toolmaker Job in Dayton,57500.0
Buyer Job in Irving,65000.0
Production Supervisor - Night Crew Job in Colonial Heights,55000.0
Supply Chain Buyer Planner Job in York,57500.0
Production Leader - Supervisor Job in Columbus Ohio,70000.0
Purchasing Manager Job in Northern New Jersey Job in Paramus,82500.0
Maintenance Supervisor - PLC/CNC/Maintenance Job in Eastman,82500.0
Manufacturing Engineer - Mechanical Design/Fixture / Machine/Project Job in Winchester,65000.0
Buyer Job in Dallas,65000.0
Production Line Manager Job in Fort Pierce,60000.0
Senior Corporate Accountant Job in Newton,85000.0
Staff Accountant Job in Waltham,65000.0
Financial Auditor II Job in Framingham,72500.0
C# Developer (FIX Protocol) Job in Boston,10000.0
Front Desk Associate to $K-Excellent opportunity! Job in Boston,50000.0
Senior Upstream Quality Engineer - New Product Development Job in Waltham,52500.0
Staff/Senior Accountant Job in Braintree,70000.0
Operations Manager- Temp to Hire Job in Natick,55000.0
Senior Accountant Job in Newton,85000.0
Annual Giving & Alumni Relations Professional Job in Boston,62500.0
Senior Tax Manager / Tax Director Job in Reading,37500.0
Audit Manager Job in Peabody,22500.0
NPD Quality Engineering Job in Waltham,55000.0
Finance Associate - Private Equity Job in Boston,52500.0
Sr Process Technician - Medical Device Molding Job in Peabody,62500.0
Outside Sales Representative (Trainee) Job in Boston,40000.0
Senior Accountant - Private Equity Backed Firm Job in Wellesley,47500.0
Staff Accountant Job in Watertown,52500.0
Accountant / Financial Analyst (Downtown Boston) Job in Boston,55000.0
Senior Software Quality Assurance Engineer Job in Waltham,52500.0
Audit /Senior Auditor Job in Lexington,62500.0
Career Advisor for MBA Students Job in Boston,45000.0
Project Engineer - Proposals / Bids /Heat Transfer / Fluid Mechanics/IS  / Material Science Job in Reading,77000.0
Sr. Product Quality Engineer Job in Waltham,55000.0
Senior Audit Job in Braintree,72500.0
Audit Manager Job in Needham,20000.0
Commissions Analyst Job in Boston,57500.0
Financial Auditor II Job in Framingham,72500.0
Payroll Manager Job in Malden,80000.0
Senior Performance Analyst,35000.0
Accounts Payable Accounting Associate Job in Beverly,60000.0
Key Account Manager - Electrical Job in Boston,7500.0
Major Gifts Officer Job in Boston,25000.0
Project Manager Job in Chicago,37500.0
Project Manager Job in Chicago,40000.0
Senior Pricing Manager Job in Cincinnati,75000.0
!!!Apply Today / $ GOOD START BONUS / Call Now!!! Job in Cincinnati,75000.0
Credit and Collections Associate Job in Cincinnati,35360.0
Senior Accountant Job in Arlington,65000.0
Assistant Controller - great work/life balance! Job in Wellesley,40000.0
Financial Reporting Specialist Job in Charlestown,87500.0
Financial Analyst Job in Fort Worth,52500.0
Sr. Manager,12500.0
Senior Accounting Manager Job in Providence,45000.0
Auditor (operations) Job in Boca Raton,55000.0
Accountant Job in Columbus OH Job in Columbus,42500.0
Accounts Payable Job in Baton Rouge,37500.0
Accountant Job in Attleboro,77500.0
Director of Accounting & Revenue Job in Lowell,52500.0
Corporate Controller-- Growing Technology Firm Job in Chicago,30000.0
ACCCOUNTING - JOB FAIR THURSDAY SEPTEMBER ...MANY NEW COMPANIES @PM Job in Mahwah,40000.0
Assistant Controller - Global Media Tech (Up to $k) Job in Needham,60000.0
Residential Post Closer Job in Miami,45000.0
Staff Accountant Job in Bethesda,75000.0
Staff Accountant - Technology,57500.0
Corporate Controller - pharma company! Job in Cambridge,50000.0
Commercial Closer Job in Miami,45000.0
AR Staff Accountant Job in Roxbury,38500.0
Senior Accountant Job in Lowell,77500.0
Payroll / PEO Implementation Specilalist Job in Saint Petersburg,52500.0
Assistant Director of Clinical Appeals - (New) Job in San Antonio,70000.0
Senior Property Accountant Job in Newton,72500.0
Accountant Job in Ft Worth,56000.0
Payroll Processor Job in South Miami,46000.0
Senior Financial Analyst Job in Washington,70000.0
Junior Accountant Job in Grand Rapids,34500.0
Accounting Manager Job in Alexandria,40000.0
Accounting Manager Job in Akron,55919.5
Senior Internal Controls Analyst Job in Reston,92500.0
Staff Accountant - Global Company (Up to $k) Job in Boston,53500.0
Sox Manager Job in Alexandria,45000.0
Senior Auditor Job in Arlington,45000.0
Senior Internal Audit - Limited Travel (Up to $k) Job in Boston,10000.0
Senior Accounts Payable Specialist Job in Cambridge,53500.0
Senior Accountant Job in Needham,72500.0
Divisional Controller Job in Irving,45000.0
Claims Adjuster - Workers Compensation Job in Kansas City,62500.0
Divisional Controller Job in Irving,45000.0
Business Systems Analyst Job in Irving,65000.0
Digital Product Manager - Data Analytics Job in Dallas,50000.0
Bilingual Accounting/Analyst - English / Japanese Job in Dallas,67500.0
.NET Developer Job in Pompano Beach,75000.0
Senior .Net Developer Job in Tulsa,95000.0
Junior Systems Engineer Job in Sarasota,82500.0
Software Developer Job in Oklahoma City,80000.0
Automated Test Engineer Job in Oklahoma City,70000.0
Outside Sales – Account Executive - Wireless Telecommunications Job in Houston,42500.0
Planning Lead Job in Sacramento,50000.0
Sales Representative (Marketing & Advertising) Job in Bloomington,20000.0
Advertising Sales Representative Job in Raleigh,20000.0
Senior Manager,45000.0
Advertising Sales Representative Job in Anniston,20000.0
Advertising Sales Representative Job in Chapel Hill,20000.0
Advertising Sales Representative Job in Chattanooga,20000.0
Advertising Sales Representative Job in Terre Haute,20000.0
Advertising Sales Representative Job in Birmingham,20000.0
Sales Representative (Advertising & Marketing) Job in Richmond,20000.0
Sales Representative (Advertising & Marketing) Job in Anniston,20000.0
Advertising Sales Representative Job in Jackson,20000.0
Sales Representative (Advertising & Marketing) Job in Madison,20000.0
Sales Representative (Advertising & Marketing) Job in Raleigh,20000.0
Sales Representative (Advertising & Marketing) Job in Birmingham,20000.0
Sales Representative (Advertising & Marketing) Job in Jackson,20000.0
Advertising Sales Representative Job in Richmond,20000.0
Sales Representative (Advertising & Marketing) Job in Chattanooga,20000.0
Sales Representative (Advertising & Marketing) Job in Chapel Hill,20000.0
Manager,75000.0
Collection Representative Job in Columbus,25000.0
Senior Real Estate Analyst job in Dallas,80000.0
Legal Secretary Job in Dallas,62500.0
Management Development Auto Damage Program - Dallas,47000.0
Senior Accountant job in Dallas,70000.0
Flooring Installation Manager Job in Dallas,60000.0
Outside Sales Representative - Medical Devices Job in Dallas,50000.0
ASSISTANT STORE MANAGER – retail / customer service / sales Job in Dallas,31054.0
CDL Flatbed Driver Job in Dallas,70000.0
Staff Accountant job in Dallas,55000.0
Entry Level Staff Accountant jobs in Irving,42500.0
Upscale Steakhouse Restaurant Managers- Gm - Agm - Chef - Sous Chef - Up to k! Job in Dallas,67500.0
Senior Accountant Job in Dallas,62500.0
Prosperous Name-Recognition Firm Seeks Sr Corporate Act  to K/% Bonus/% Paid Benefits Job in Dallas,90000.0
Tax Accountant - Bilingual Job in Reynoldsburg,65000.0
Senior Corporate Accountant job in Dallas,70000.0
Sterilizer Field Service Technician Job in Dallas,55000.0
Instructional Designer Job in Dallas,70000.0
Cisco Engineer Job in Dallas,25000.0
Insurance- Personal Lines Account Manger Job in Dallas,44000.0
Senior Staff Accountant job in Dallas,60000.0
Supervising Senior Accountant with upward mobility Job in Dallas,77500.0
Regional Salesperson Job in Dallas,50000.0
Senior Fixed Asset Accountant job in Dallas,67500.0
Systems Engineer I Job in Dallas,50000.0
Well-Respected Commercial/Residential/International Real Estate Firm Seeks Accountant - K/Bonus! Job in Dallas,70000.0
Payroll Specialists Job in Dallas,60000.0
Sales Representative- Dallas/Fort Worth,60000.0
Technical Specialist Job in Westerville,32500.0
CBD Provisions| General Manager Job in Dallas,85000.0
Senior Property Accountant job in Dallas,67500.0
Sales Representative Job in Dallas,30000.0
Food Production Supervisor Job in Dallas,50000.0
SAS Analyst Job in Dallas,50000.0
Data Analyst Job in Dallas,92500.0
Senior Accountant Job in Dallas,65000.0
Credit Analyst Job in Dallas,40000.0
Senior Oracle Programmer / Analyst Job in Dallas,15000.0
Accounts Receivable Specialist Job in Dallas,39000.0
Cognos Developer Job in Dallas,50000.0
Senior Financial Analyst job in Dallas,82500.0
Sales Professional Job in Dallas,40000.0
Accounts Payable Job in Dallas,47500.0
Accounts Payable Job in Dallas,47500.0
Senior Property Accountant job in Dallas,70000.0
Retail District Manager - $K + Great Benefits - Dallas,85000.0
Senior Staff Accountant job in Dallas,62500.0
A/V and Structured Cable Project Manager Job in Dallas,67500.0
Infection Control Nurse - RN Job in Dallas,65000.0
Senior Accountant job in Dallas,70000.0
Senior Financial Reporting Analyst job in Dallas,82500.0
Oil & Gas Accounting Manager Job in Dallas,75000.0
Variable Refrigerant Flow / VRF Sales Engineer Job in Dallas,21666.666666666668
Financial Consultant - Part-Time $,40500.0
Senior Financial Analyst job in Dallas,80000.0
Advertising Sales Representative Job in Worthington,55000.0
LICENSED AGENTS / GROUP BENEFIT ENROLLERS Job in Dallas,70000.0
Management Development Program- Claims Job in Farmers Branch,44000.0
Senior Accountant,80000.0
Staff Accountant job in Dallas,57500.0
Senior Staff Accountant job in Dallas,60000.0
Chemical Engineer Job in Dallas,35000.0
Compounding Pharmacist - PIC Job in Dallas,10000.0
Staff Accountant job in Dallas,52500.0
Sales Representative Job in Dallas,37500.0
Accounting Manager Job in Dallas,10000.0
IT Director Job in Dallas,52500.0
Senior Staff Accountant job in Dallas,62500.0
Staff Accountant job in Dallas,57500.0
Assistant Controller Job in Dallas,90000.0
Field Service Engineer - Packaging/PLC/Robotics Job in Dallas,72800.0
Senior Accountant Job in Dallas,62500.0
Marketing Sales & Brand Management Job in Columbus,42500.0
Senior Accountant job in Dallas,70000.0
Sales Representative Job in Dallas,60000.0
Maintenance Technician Job in Columbus,40500.0
Java Developer Job in Dallas,45000.0
st Time Manager: Entry Level Business Management Job in Dallas,45000.0
Campus Facilities Manager Job in Dallas,65000.0
ERP Consultant Job in Dallas,50000.0
Financial Reporting Manager job in Dallas,45000.0
Executive Chef - Sous Chef Job in Dallas,62500.0
MS SQL Server DBA Job in Dallas,90000.0
Senior Property Accountant job in Dallas,67500.0
Accounting Analyst job in Dallas,65000.0
Fitness Equipment Sales Professional Job in Dallas,25000.0
Entry Level Staff Accountant jobs in Irving,42500.0
Human Resources Administrator Job in Dallas,38000.0
Sales Representative - Southwest Territory Job in Dallas,42500.0
Electrical Engineer - Microgrid/PE/Utility Job in Dallas,52500.0
Lead Software Engineer Job in Dallas,45000.0
Restaurant Manager Job in Dallas,45500.0
Accounting Manager with upward mobility Job in Dallas,85000.0
Supervising Senior Accountant job in Dallas,80000.0
Application Engineer - Experience with Pumps Job in Dallas,77500.0
LED Lighting Consultant Job in Dallas,42500.0
Sales / Project Developer Job in Dallas,45000.0
Senior Financial Reporting Accountant,80000.0
Senior Corporate Accountant job in Dallas,70000.0
Sr. Security Engineer Job in Dallas,7500.0
Quality Assurance Leader (Do you have the capability to be a QA Mgr. in  years?)) Job in Dallas,67500.0
IT Project Manager / IT Engineer (TX/KK/) Job in Dallas,75000.0
Staffing Sales and Account Management Job in Dallas,37500.0
Controller / Office - Business Manager Job in Dallas,40000.0
Internal Audit Job in Dallas,75000.0
Japanese-English Bilingual Operation Coordinator Job in Dallas,37500.0
Director of Nursing,7500.0
Account Manager / Sales Representative Job in Dallas,45000.0
Dentist Associate - Modern Private Practice -$K++ Job in Dallas,25000.0
Outside Sales - Construction Services / Security Job in Dallas,40000.0
Customer Service Sales Rep Job in Columbus,40000.0
Outside Sales Representative Job in Dallas,56500.0
LEAD MEDICAL ASSISTANT (Supervisor) Job in Dallas,34140.0
General Manager - Upscale Casual Growth Concept Job in Dallas,82500.0
Staff Accountant Job in Dallas,65000.0
SQL Server Consultant,70000.0
Acquisitions Associate Job in Dallas,42500.0
Revenue Accountant Job in Irving,75000.0
Customer Support Representative - DFW Job in Dallas,60000.0
Financial Cost Analyst Job in Irving,85000.0
Senior Accountant Job in Irving,77500.0
Staff Accountant Job in Dallas,47500.0
Senior Accountant job in Dallas,67500.0
Systems Engineer I Job in Dallas,50000.0
Sales Executive - Optical Job in Dallas,12500.0
Staff Accountant job in Dallas,55000.0
Customer Engagement Specialist Job in Dallas,50000.0
HRIS Analyst Job in Dallas,85000.0
Maintenance Manager - Food Job in Dallas,10000.0
st Time Manager: Entry Level Business Management Job in Dallas,45000.0
Staff Accountant Job in Dallas,40000.0
Energy Sales Executive Job in Dallas,38200.0
Account Sales Manager - Entry Level Job in Columbus,40000.0
Extrusion Supervisor: Plastic Flexible Packaging Job in Dallas,61000.0
Senior Fund Accountant job in Dallas,80000.0
Staff Accountant Job in Dallas,47500.0
Audit and Tax Senior - Audit and Tax Manager Job in Dallas,34750.0
Staff Accountant job in Dallas,57500.0
Staff Accountant job in Dallas,55000.0
On-Line Auction Lister - DFW Job in Dallas,35000.0
Executive Assistant to President Job in Dallas,52500.0
Quality Manager - Food Job in Dallas,80000.0
Database and Web Developer Job in Dallas,72500.0
Senior Accountant job in Dallas,65000.0
Sr. Systems Engineer Job in Dallas,10000.0
Financial & Budgeting Analyst II Job in Dallas,82500.0
Computer Systems Analyst Job in Dallas,38000.0
ACCOUNTING MANAGER / ASSISTANT CONTROLLER Job in Dallas,42500.0
ASSISTANT STORE MANAGER – retail / customer service / sales Job in San Antonio,31054.0
BI Developer (Jr/Mid),70000.0
Sr. Network Engineer Job in Dallas,60000.0
Accounting Analyst job in Dallas,67500.0
Big Data Engineer Job in Dallas,20000.0
Staff Accountant job in Dallas,57500.0
Sales Representative Job in Dallas,30000.0
Plant Accounting Manager job in Dallas,92500.0
Senior Accountant,80000.0
Accountant job in Dallas,55000.0
Field Manager ( Residential) Job in Dallas,55000.0
Paralegal/Legal Assistant Job in Dallas,40000.0
Accounting Manager job in Dallas,7500.0
Quality Manager - Food Job in Dallas,77500.0
Operations Support Analyst (Pricing) Job in Dallas,56000.0
Senior Buyer - Food & Beverage Job in Dallas,40000.0
Software Engineer III Job in Dallas,85000.0
Sales Manager Buy Luxury Cars Part Time Make Up to $K Per Deal Job in Dallas,15000.0
Database Administrator Job in Dallas,43000.0
Senior Financial Analyst job in Dallas,82500.0
Senior Staff Accountant Job in Knoxville,50000.0
Insurance Agent Job in Fountain City,65000.0
Human Resources Generalist Job in Knoxville,55000.0
Sales Representative (Advertising & Marketing) Job in Knoxville,20000.0
CNC Programmer - MasterCam/Machine Programmer/CNC machine Job in Florence,75000.0
Production Manager - Injection Molding/Plastic/Manufacturing Job in Boston,89000.0
Production Shift Manager Job in Lillington,43333.333333333336
Truck Driver Job in Maple Shade,72500.0
Plastics Quality Manager Job in Minneapolis,22500.0
Technical Consultant-Medical Technologist -Pennsylvania Job in Philadelphia,75000.0
Registered Nurse (RN) Manager Job in Skokie,77500.0
Physical Therapist Job in Levittown,82500.0
Area Director - Quick Serve Restaurant Co. Job in North Andover,65000.0
Associate Manager - Applebee's West Allis Job in West Allis,42500.0
GENERAL MANAGER Job in St. Joseph,60000.0
Restaurant Manager Job in Philadelphia,40000.0
Restaurant Manager Jonesboro Job in Jonesboro,53000.0
Restaurant Manager Job in Raleigh,55000.0
General Manager Job in Charlotte,50000.0
Housekeeper,50000.0
Restaurant General Manager Job in Miami,7500.0
Restaurant Manager- BOH Job in San Antonio,52500.0
Director Surgical Services Job in Houston,25000.0
House Manager / Butler (NYC & The Hamptons) Job in New York,35000.0
Restaurant Manager Job in Tampa,48500.0
Sous Chefs - Restaurant Company Expanding! Job in Short Hills,70000.0
Dining Room Manager Job in Newport,40000.0
Fast-track General Manager Job in Fishers,42500.0
Oakland RN Supervisor of Case Management - Managed Care Job in Oakland,25000.0
Food and Beverage Manager Job in Okoboji,55000.0
Restaurant General Manager Job in Daytona,48000.0
Restaurant Assistant Manager: Freddy’s Frozen Custard & Steakburgers Job in Springfield,37500.0
Restaurant General Manager: Freddy’s Frozen Custard & Steakburgers Job in Springfield,43333.333333333336
Training Restaurant Manager Job in Baton Rouge,50000.0
Restaurant Managers - District Managers & General Managers Job in Newton,70000.0
Kitchen Manager Job in Pompano Beach,37500.0
Restaurant Manager Job in Baton Rouge,51500.0
Sous Chefs - Culinary Growth! Job in Menlo Park,70000.0
Nurse Practitioner – Oncology Job in San Francisco,47500.0
Dairy Nutritionist Job in Twin Falls,75000.0
Restaurant Assistant Manager: Freddy’s Frozen Custard & Steakburgers Job in Springfield,37500.0
Restaurant Manager Job in Mcknight,36000.0
Infection Control Specialist Job in Chicago,80000.0
Physician Assistant / Nurse Practitioner Job in Houston,17500.0
Executive Kitchen Manager Job in Santa Monica,90000.0
General Manager Job in Monroe,60000.0
General Manager Job in Charlotte,46000.0
Restaurant District Manager Job in Los Angeles,80000.0
General Manager & Assistant Manager Job in Denver,47500.0
Restaurant General Manager: Freddy’s Frozen Custard & Steakburgers Job in Springfield,43333.333333333336
Restaurant Manager Job in Monroe,31333.333333333332
Restaurant General Manager Job in Los Angeles,72500.0
Restaurant Manager Job in Plymouth Meeting,50000.0
Restaurant Manager (GM) Job in Fort Lauderdale,46000.0
Upscale Sports Bar Restaurant Manager -Dm - Gm - Km- Bar -Up to k! Job in Erie,62500.0
Intensive Care Unit Nurse Manager – Critical Care – RN - $K+ Job in Daytona Beach,87500.0
General Manager / Front of House Managers Job in Charlotte,57500.0
Production Manager Job in Chicago,80000.0
Restaurant Manager Job function wrap(EL,57500.0
Restaurant Managers Job in Austin,47500.0
Operating Room - Registered Nurse – RN Job in Corpus Christi,52000.0
Restaurant Manager Job in Kingman,51500.0
Associate Manager - Applebee's Appleton Job in Appleton,42500.0
RESTAURANT MANAGER Job in Philadelphia,67500.0
Restaurant General Manager Job in Irvine,50000.0
District Manager Job in Appleton,65000.0
Restaurant Manager for GROWING CASUAL CONCEPT OPENING  UNITS IN Tampa Area Job in Clearwater,47500.0
Restaurant General Manager Job in Charleston,40500.0
Sous Chefs - Amazing Opportunity! Job in San Francisco,73000.0
Domestic Couple (Locust Valley,50000.0
Baker Job in Palo Alto,45000.0
General Manager Job in Fort Lauderdale,50000.0
Restaurant Manager Job in Sarasota,49500.0
Restaurant Manager Job in Chula Vista,27000.0
GENERAL MANAGER Job in Springfield,60000.0
Physical Therapist Job in San Antonio,80000.0
Fast Food Restaurant Manager Job in Destin,45000.0
Chef/Kitchen Manager Job in Ventura,52500.0
Restaurant General Manager Job in Tampa,48000.0
Sous Chefs - Super Restaurant Company! Job in San Jose,74000.0
District Manager Job in Wichita,60000.0
Infection Control Nurse - RN Job in Dallas,65000.0
Service/Front-of-House Manager Job in Los Angeles,41500.0
Food Service Assistant Manager Job in San Jose,52197.5
Restaurant Manager Job in Bradenton,51500.0
Cafe Chef/Manager Job in Rosemont,33500.0
Restaurant Manager - Bricktown Brewery Job in Wichita,46000.0
Physical Therapist Job in Carlsbad,43500.0
Assistant Restaurant Managers Job in Tampa Palms,27500.0
Associate Manager - Applebee's Kenosha Job in Kenosha,42500.0
Restaurant Manager Job in,38000.0
Restaurant General Manager Job in West Palm Beach,50000.0
Hospitality and Compliance Manager Job in Washington,65000.0
Restaurant Manager Job in Kansas City,43000.0
Physician Clinical Specialist Job in Hagerstown,80154.5
Restaurant Manager $,40000.0
Restaurant Assistant Manager (AM) Job in Savannah,42500.0
Restaurant Manager Job in Olathe,55000.0
Restaurant Manager Job in Joplin,49500.0
STEWARD SUPERVISOR Job in St. Louis,38000.0
GENERAL MANAGER Job in Jonesboro,60000.0
Restaurant General Manager (Fast Food) Job in Homestead,50000.0
Food Service Director Job in Newton,34000.0
Manager of Transition Care and Utilization Management Job in Chicago,85000.0
General Manager - Applebee's Neenah Job in Neenah,50500.0
Restaurant Manager Job in Orlando,45000.0
Restaurant Managers Job in Fentress,46000.0
Part-Time Manager Job in Hilliard,18500.0
General Manager-Restaurant Job in Vero Beach,57500.0
Kitchen Manager Job in Clearwater,42500.0
Associate Manager - Applebee's Fond du lac Job in Fond Du Lac,42500.0
Associate Manager - Applebee's Onalaska Job in Onalaska,42500.0
Catering & Outlet Manager Job in Port Aransas,32500.0
Restaurant Manager - Dayton,55000.0
Clinical Social Worker-Community Living Fund Job in Morgan Hill,60220.0
Restaurant Manager Job in Jacksonville,45000.0
Kitchen Manager Job in Roscommon,37500.0
Restaurant Manager / General Manager / District Manager Job in Baton Rouge,47500.0
General Manager Job in San Francisco,52500.0
Restaurant Manager / General Manager Job in Shreveport,45000.0
Associate Manager - Applebee's Wauwatosa Job in Wauwatosa,42500.0
Restaurant General Manager Job in Oxnard,45000.0
General Manager Job in Newport,45000.0
Licensed Therapist Job in Altoona,46500.0
Restaurant & Bistro Manager Job in Port Aransas,34000.0
Restaurant General Manager Job in Bluffton,45000.0
Restaurant General Manager Job in Charlotte,46000.0
Bakery Manager Job in Palo Alto,52500.0
Restaurant Manager - TGI Fridays Job in North Las Vegas,52500.0
Cake Decorator Job in Palo Alto,41000.0
Restaurant General Manager Job in Shreveport,40600.0
Mental Health Counselor Job in Columbus,52500.0
PIZZA MAKER/KITCHEN MANAGER Job in North Miami,57500.0
Med Surg Manager Job in Chelan,55500.0
Restaurant Assistant Manager: Freddy’s Frozen Custard & Steakburgers Job in Springfield,37500.0
Event Coordinator Job in Skokie,55000.0
Assistant Restaurant Manager-Food Service Supervisor-Management Job in Liberal,35500.0
Restaurant Manager Job in Miami,52500.0
Grand Rapids Field Case Management (RN) - Workers’ Compensation Job in Grand Rapids,64000.0
Restaurant Manager Job in Cream Ridge,45000.0
Associate Manager - Applebee's Neenah Job in Neenah,42500.0
Restaurant General Manager Job in Fort Wayne,45000.0
Restaurant General Manager Job in Los Angeles,90000.0
Customer Service! Retail/Hospitality Exp Preferred Job in New York City,35000.0
Restaurant Floor Manager Job in South Pasadena,42500.0
Restaurant Manager Job in Hickory,57500.0
Service Manager Job in Tustin,41500.0
Touring Chef Job in Baton Rouge,47500.0
Catering Sales Manager Job in Newport Beach,58500.0
Restaurant Manager / General Manager / Kitchen Manager Job in Mobile,47500.0
Trainer Job in Clearwater,45000.0
Restaurant General Manager Job in Northampton,47500.0
Service/Front-of-House Manager Job in Los Angeles,41500.0
Assistant General Manager Job in Kent,40000.0
Dunkin' Donuts Restaurant Manager Job in Medway,47000.0
Assistant Child Care Supervisor Job in North Lancaster,28500.0
Physician Assistant/PA -Psychiatric Inpatient Job in Bowie,17500.0
RN/LPN Job in Rockford,49000.0
Sales Analyst Job in Los Angeles,77500.0
Sales Representative / Insurance Sales / Inbound Job in Indianapolis,33524.5
Manufacturing Engineer - Packaging Machinery/GMP/process improvement Job in Wabash,70000.0
Controls Engineer - Travel/PLC/Machine Install Job in Columbus,45000.0
Energy Engineer Job in Houston,50000.0
Retail Superintendent Job in Houston,85000.0
Construction Superintendent - Construction/Superintendent /Bank Job in Houston,70000.0
Heavy Civil Estimator Job in Houston,25000.0
District Manager-Texas Job in Houston,40000.0
Heavy Civil Estimator Job in Houston,25000.0
Assistant Superintendents Job in Houston,67500.0
Senior Commercial Estimator Job in Houston,65000.0
Controller SW Houston,25000.0
Interiors Superintendent Job in Houston,80000.0
Controller SW Houston,25000.0
Civil Assistant Superintendent Job in Houston,62500.0
Senior .Net Developer Job in Knoxville,80000.0
RN OR Circulator - Surgical Hospital Job in Houston,39000.0
Senior Real Estate Accountant Job in San Antonio,64000.0
Accounting Associate Job In Louisville,42640.0
Outside Sales – Account Executive - Wireless Telecommunications Job in Conshohocken,42500.0
Outside Sales – Account Executive - Wireless Telecommunications Job in Brooklyn,45000.0
Outside Sales – Account Executive - Wireless Telecommunications Job in Houston,42500.0
Field Service Engineer - telecommunications/facilities/equipment Job in Los Angeles,47000.0
Project Accountant - Construction Job in Boston,35000.0
Senior Accountant - great benefits! Job in Boston,40000.0
Executive Assistant Job in Austin,52500.0
Senior Director of Reporting,30000.0
Outside Sales Rep Job in Austin,50000.0
Assistant Controller - CPA - work / life balance! Job in Cambridge,35000.0
Restaurant Manager Job in Austin,42500.0
Senior Tax Analyst - Private Equity (Downtown Boston) Job in Boston,32500.0
Catering Coordinator Job in Boston,37500.0
Executive Assistant to k! - Excellent Benefits! Job in Boston,70000.0
Fund Controller - Private Equity Job in Boston,85000.0
Sales - Computer and Technology Solutions Job in Austin,40000.0
Business Development Manager (Facilities Management) Job in San Francisco,25000.0
Sales Representative (Advertising & Marketing) Job in Bloomington,20000.0
Sales Manager (Commodity Chemicals) Job in Arlington Heights,20000.0
Sales Representative (Advertising & Marketing) Job in Indianapolis,20000.0
Machinist Supervisor Job in Overland Park,57500.0
Office Manager Job in Houston,44000.0
Receptionist Job in Austin,29000.0
Assistant Warehouse Manager Job in King Of Prussia,52500.0
Receptionist - $-K - Washington DC! Job in District Of Columbia,45000.0
Administrative Assistant (-K) Job in West Mclean,43500.0
Administrative Assistant Job in Houston,32000.0
Office Manager  Job in Houston,47500.0
Administrative Assistant to $k - Commercial Real-Estate Job in Boston,44000.0
Administrative Assistant Job in Austin,31200.0
Service Center Clerk Job in Saint Louis,26000.0
Client Services Administrator to K! Downtown Boston! Job in Boston,65000.0
Maintenance Technician - Injection Molding/Stamp hydraulic controls /maintenance Job in Fairfield,46800.0
Electrical Engineer Job in Columbus,77500.0
Maintenance Technician - Mechanical/Electrical/nd or rd Shift Job in Columbus,51220.0
Team lead Healthcare Analyst Job in Boston,50000.0
Front End Web Developer Job in Bloomington,5000.0
HR Manager Job in Napa,85000.0
Systems Administrator Job in Lake Lotawana,50000.0
Human Resources Generalist Job in Shelbyville,72500.0
Recruiter Job in Edison,49000.0
Talent Acquisition Manager Job in Vandalia,60000.0
Safety and Worker's Comp Specialist Job in Fort Atkinson,31000.0
SQL Server Database Developer Job in Chicago,67500.0
HR Director Job in Swedesboro,12500.0
Recruiter Job in Napa,65000.0
HR Manager Job in Elkhart,80000.0
Senior Network Enginner Job in Morristown,20000.0
Bilingual Employment Service Specialist Job in Vallejo,42436.0
On-boarding Specialist Job in Manchester,55000.0
Payroll Accountant in Pleasanton Job in Pleasanton,75000.0
Human Resources Assistant Job in Ashburn,67500.0
Payroll Job in Coral Gables,50000.0
HR Manager/Director Job in Valley Forge,87500.0
Software Support - Great Opportunity Job in Wilmington,31500.0
PHP Developer Job in Cincinnati,62500.0
Full Charge Bookkeeper Job in Chicago,53500.0
VDC Director/Manager Job in Cincinnati,62500.0
Operations Assistant Job in Cincinnati,31500.0
Lead Accountant Job in Cincinnati,45000.0
Quality Supervisor Job in Cincinnati,60500.0
Sales / Account Manager - Inks,75000.0
Mechanical Design Manager Job in Cincinnati,90000.0
Accountant Job in Chicago,45000.0
SQL Server DBA Job in Cincinnati,55000.0
ERP Supply Chain - Business Analyst (Ohio) Job in Cincinnati,45000.0
Production Manager - Injection Molding Job in Cincinnati,60000.0
Logistics Account Representative Job in Cincinnati,35000.0
Accounting Leadership Development Program Job in Cincinnati,50000.0
Financial Analyst - Lots of Growth! Job in Chicago,60000.0
Relocation Counselor Job in Cincinnati,31000.0
Home Coordinator - DD group home Job in Cincinnati,29000.0
UX Researcher Job in Cincinnati,85000.0
Clinical Consultant Job in Chicago,52500.0
Advertising Account Representative- (Marketing & Outside Sales Executive) Job in Cincinnati,20000.0
Commercial Account Manager Job in Cincinnati,60000.0
Inside Sales Rep Job in Cincinnati,30000.0
HVAC installer Job in Cincinnati,47500.0
Civil Engineer (Solid Waste Landfill design) Job in Cincinnati,70000.0
Senior Full Stack Developer Job in Cincinnati,55000.0
Regional Salesperson Job in Cincinnati,50000.0
Laboratory Technician Job in Cincinnati,35000.0
Billings & Collections Specialist Job in Cincinnati,35000.0
Articulated Robot Repair Technician Job in Cincinnati,65000.0
Benefits Manager Job in Madeira,55000.0
Sales Executive Job in Chicago,60000.0
Regional Sales Representative - Building Products Manufacturer BB Rep Job in Cincinnati,52500.0
VB Programmer Analyst Job in Cincinnati,85000.0
Chiropractor Job in Edgewood,25000.0
Inside Sales Rep Job in Cincinnati,30000.0
Project Coordinator Job in Cincinnati,32000.0
Customer Support Representative - Cincinnati Job in Cincinnati,60000.0
Senior Accountant Job in Cincinnati,47500.0
Staff Accountant Job in Cincinnati,42500.0
Bilingual Accounting Manager (Japanese-English) Job in Chicago,82500.0
Account Executive Job in Chicago,47500.0
Account Manager Job in Chicago,75000.0
Recruiter Job in Chicago,60000.0
Controls Engineer - PLC /Allen Bradley /Electrical Engineering Job in Cincinnati,70000.0
SAP Training Consultants Job in Chicago,62500.0
Sales - Computer and Technology Solutions Job in Cincinnati,40000.0
Electricial Service Manager Job in Cincinnati,60000.0
Production Supervisor Job in Cincinnati,56500.0
Senior Accountant Job in Cincinnati,67500.0
Sr Controls Engineer - Material Handling Systems Job in Cincinnati,40000.0
Territory Sales Manager Job in Cincinnati,62500.0
Senior Salesforce Developer Job in Chicago,30000.0
Benefit Administrator Job in Cincinnati,50000.0
Payroll Supervisor Job in Cincinnati,57500.0
Commercial Property Manager Job in Chicago,35000.0
Plastic Injection Manager Job in Cincinnati,72500.0
Staff Accountant Job in Mason,47500.0
Recruitment Consultant Job in Chicago,60000.0
Get on the Sales Fast Track Job in Chicago,32000.0
Staffing Associate - Great Team Environment Job in Chicago,35000.0
st Shift Production Group Leader Job in Cincinnati,55000.0
Part-Time Receptionist Job in Cincinnati,18000.0
Inside Sales Professional Job in Cincinnati,35000.0
Linux Server Engineer Job in Cincinnati,85000.0
Data Entry Manager Job in Cincinnati,28000.0
Assistant Quality Manager Job in Cincinnati,57500.0
Senior Accountant Job in Chicago,37500.0
EXECUTIVE CHEF WEST CHESTER OHIO $K-$K PLUS! BEAUTIFUL UPSCALE RESTAURANT! Job in West Chester,80000.0
Accounts Payable Accounting Manager Job in Cincinnati,75000.0
BB Customer Service Associate Job in Cincinnati,41000.0
Senior Accountant for a Digital Publisher in the Loop Job in Chicago,75000.0
Experienced Territory Sales,80000.0
Assistant Vice President - Controller Job in Cincinnati,40000.0
Accountant Job in Cincinnati,52500.0
Contract Administrator Job in Cincinnati,43000.0
